m,R : score,5m/6,gap,a : R/(5m/6)*100,average,(ave-a)^2,S : standard deviation,É¢: 1.96*S/Å„1000,confidence interval
1327,769,1105.83,336.833,69.54052612,69.14998482,0.152522508,1.019616164,0.063196465,69.14998482Å}0.063196465
1300,747,1083.33,336.333,68.95405832,,0.038387193,,,
1278,737,1065,328,69.20187793,,0.002692895,,,69.08678835
1304,754,1086.67,332.667,69.38629023,,0.055840245,,,to
1342,778,1118.33,340.333,69.5680166,,0.174750566,,,69.21318128
1389,786,1157.5,371.5,67.9049676,,1.550067872,,,
1338,780,1115,335,69.95515695,,0.64830216,,,
1378,819,1148.33,329.333,71.32096174,,4.713140806,,,
1342,754,1118.33,364.333,67.42195953,,2.986071407,,,
1405,816,1170.83,354.833,69.6941486,,0.296114215,,,
1400,814,1166.67,352.667,69.77122923,,0.385944611,,,
1404,817,1170,353,69.82905983,,0.461142868,,,
1268,722,1056.67,334.667,68.32786016,,0.675888949,,,
1310,765,1091.67,326.667,70.0761219,,0.8577299,,,
1300,769,1083.33,314.333,70.9848338,,3.366670778,,,
1239,706,1032.5,326.5,68.37772397,,0.596386819,,,
1347,777,1122.5,345.5,69.22048998,,0.004970977,,,
1343,781,1119.17,338.167,69.78385768,,0.401794803,,,
1463,832,1219.17,387.167,68.24314903,,0.822351154,,,
1429,816,1190.83,374.833,68.52363478,,0.392314378,,,
1297,749,1080.83,331.833,69.2985946,,0.022084866,,,
1285,739,1070.83,331.833,69.01188797,,0.019070739,,,
1258,732,1048.33,316.333,69.82534126,,0.456106317,,,
1418,802,1181.67,379.667,67.87004832,,1.63823744,,,
1328,753,1106.67,353.667,68.04196373,,1.227710738,,,
1306,756,1088.33,332.333,69.46422501,,0.098746894,,,
1285,752,1070.83,318.833,70.22589954,,1.157592476,,,
1333,759,1110.83,351.833,68.3272868,,0.676832026,,,
1355,771,1129.17,358.167,68.28024124,,0.756453896,,,
1370,797,1141.67,344.667,69.81001515,,0.435640041,,,
1367,784,1139.17,355.167,68.8220371,,0.107549709,,,
1345,773,1120.83,347.833,68.96674786,,0.033575785,,,
1368,795,1140,345,69.73684211,,0.344401473,,,
1331,750,1109.17,359.167,67.61812887,,2.346582648,,,
1323,761,1102.5,341.5,69.02494331,,0.015635379,,,
1334,758,1111.67,353.667,68.18570259,,0.929840216,,,
1333,755,1110.83,355.833,67.9671957,,1.398990101,,,
1407,817,1172.5,355.5,69.68017058,,0.281096936,,,
1387,815,1155.83,340.833,70.51209953,,1.855356484,,,
1272,762,1060,298,71.88679245,,7.490116019,,,
1176,667,980,313,68.06122449,,1.185399057,,,
1294,740,1078.33,338.333,68.62463253,,0.275995025,,,
1378,794,1148.33,354.333,69.14388721,,3.71808E-05,,,
1312,778,1093.33,315.333,71.15875353,,4.035151741,,,
1371,816,1142.5,326.5,71.42231947,,5.163504784,,,
1405,810,1170.83,360.833,69.18169162,,0.001005321,,,
1333,756,1110.83,354.833,68.05721848,,1.194138282,,,
1358,772,1131.67,359.667,68.21776666,,0.869030691,,,
1349,782,1124.17,342.167,69.56243273,,0.170113277,,,
1296,726,1080,354,67.22222222,,3.716268633,,,
1353,778,1127.5,349.5,69.00221729,,0.021835241,,,
1328,758,1106.67,348.667,68.4937696,,0.430618419,,,
1258,718,1048.33,330.333,68.48988391,,0.435733211,,,
1371,769,1142.5,373.5,67.30853392,,3.390941429,,,
1345,792,1120.83,328.833,70.66192018,,2.285948545,,,
1351,773,1125.83,352.833,68.66045495,,0.23963949,,,
1351,776,1125.83,349.833,68.92692502,,0.049755673,,,
1368,784,1140,356,68.77192982,,0.14292558,,,
1340,762,1116.67,354.667,68.23860227,,0.830618147,,,
1295,750,1079.17,329.167,69.49785483,,0.121013546,,,
1360,787,1133.33,346.333,69.44138071,,0.084911565,,,
1351,783,1125.83,342.833,69.54868852,,0.158964643,,,
1309,749,1090.83,341.833,68.66331142,,0.236850995,,,
1293,753,1077.5,324.5,69.88399072,,0.53876466,,,
1292,749,1076.67,327.667,69.56634809,,0.173358374,,,
1370,776,1141.67,365.667,67.97060447,,1.390938021,,,
1358,805,1131.67,326.667,71.13381109,,3.935566683,,,
1370,779,1141.67,362.667,68.23337742,,0.840169124,,,
1336,756,1113.33,357.333,67.90439492,,1.551494191,,,
1329,747,1107.5,360.5,67.44920993,,2.892635219,,,
1336,786,1113.33,327.333,70.59901377,,2.099684896,,,
1257,714,1047.5,333.5,68.16229117,,0.975538747,,,
1390,812,1158.33,346.333,70.10092115,,0.904279911,,,
1356,771,1130,359,68.2300885,,0.846209248,,,
1427,810,1189.17,379.167,68.11473549,,1.07174118,,,
1280,746,1066.67,320.667,69.93728145,,0.619835977,,,
1344,759,1120,361,67.76785714,,1.910276916,,,
1352,780,1126.67,346.667,69.23056441,,0.00649307,,,
1353,776,1127.5,351.5,68.8248337,,0.105723249,,,
1362,777,1135,358,68.45814978,,0.478635723,,,
1370,781,1141.67,360.667,68.40855939,,0.549711667,,,
1356,796,1130,334,70.44247788,,1.6705383,,,
1355,776,1129.17,353.167,68.72304436,,0.182278156,,,
1337,775,1114.17,339.167,69.55850543,,0.166889093,,,
1327,753,1105.83,352.833,68.09364911,,1.115845123,,,
1318,776,1098.33,322.333,70.65271822,,2.258207664,,,
1388,813,1156.67,343.667,70.28798188,,1.295037306,,,
1368,771,1140,369,67.63157895,,2.305556394,,,
1348,766,1123.33,357.333,68.19011332,,0.921353289,,,
1324,775,1103.33,328.333,70.24190405,,1.192287614,,,
1345,774,1120.83,346.833,69.05596745,,0.008839265,,,
1362,772,1135,363,68.01762115,,1.282247492,,,
1428,819,1190,371,68.82352941,,0.106573134,,,
1313,773,1094.17,321.167,70.64715721,,2.241525153,,,
1301,753,1084.17,331.167,69.45405241,,0.092457099,,,
1317,755,1097.5,342.5,68.79271071,,0.127644792,,,
1310,760,1091.67,331.667,69.61810804,,0.219139346,,,
1243,697,1035.83,338.833,67.28903391,,3.463138271,,,
1315,746,1095.83,349.833,68.0762527,,1.152900658,,,
1314,744,1095,351,67.94520548,,1.451493259,,,
1400,799,1166.67,367.667,68.48551861,,0.441515341,,,
1339,765,1115.83,350.833,68.55883065,,0.349463257,,,
1366,792,1138.33,346.333,69.57560637,,0.181153704,,,
1268,742,1056.67,314.667,70.22059867,,1.146214023,,,
1293,739,1077.5,338.5,68.58468677,,0.31956188,,,
1276,731,1063.33,332.333,68.74629701,,0.162963848,,,
1335,773,1112.5,339.5,69.48314607,,0.110996417,,,
1388,814,1156.67,342.667,70.37443696,,1.499283046,,,
1386,784,1155,371,67.87878788,,1.615941663,,,
1293,736,1077.5,341.5,68.3062645,,0.711863976,,,
1427,817,1189.17,372.167,68.70338135,,0.199454659,,,
1385,809,1154.17,345.167,70.09366038,,0.890523561,,,
1366,788,1138.33,350.333,69.22421442,,0.005510033,,,
1312,753,1093.33,340.333,68.8721612,,0.077185966,,,
1316,729,1096.67,367.667,66.47396209,,7.161097677,,,
1378,786,1148.33,362.333,68.44722336,,0.493873671,,,
1286,745,1071.67,326.667,69.51766869,,0.135191425,,,
1319,773,1099.17,326.167,70.32579128,,1.382520829,,,
1359,794,1132.5,338.5,70.11037528,,0.922349828,,,
1379,803,1149.17,346.167,69.87651957,,0.52785275,,,
1336,774,1113.33,339.333,69.52116623,,0.13777564,,,
1318,757,1098.33,341.333,68.92281919,,0.051604224,,,
1342,767,1118.33,351.333,68.58440711,,0.319878149,,,
1401,796,1167.5,371.5,68.17987152,,0.941119814,,,
1274,727,1061.67,334.667,68.47702205,,0.45287889,,,
1393,819,1160.83,341.833,70.55296641,,1.968357347,,,
1347,762,1122.5,360.5,67.88418708,,1.602243912,,,
1339,768,1115.83,347.833,68.82768881,,0.103874721,,,
1377,811,1147.5,336.5,70.67538126,,2.32683431,,,
1309,760,1090.83,330.833,69.67171787,,0.272205372,,,
1371,801,1142.5,341.5,70.10940919,,0.920495122,,,
1386,802,1155,353,69.43722944,,0.08250947,,,
1342,785,1118.33,333.333,70.19394991,,1.089863104,,,
1379,778,1149.17,371.167,67.7010364,,2.099451523,,,
1437,818,1197.5,379.5,68.30897704,,0.707294094,,,
1368,787,1140,353,69.03508772,,0.013201344,,,
1294,746,1078.33,332.333,69.18104847,,0.000964951,,,
1349,773,1124.17,351.167,68.76184207,,0.150654794,,,
1338,795,1115,320,71.30044843,,4.62449374,,,
1395,811,1162.5,351.5,69.76344086,,0.376328313,,,
1369,790,1140.83,350.833,69.24782834,,0.009573354,,,
1292,735,1076.67,341.667,68.26604252,,0.78135399,,,
1362,794,1135,341,69.95594714,,0.649575256,,,
1430,838,1191.67,353.667,70.32148162,,1.372404748,,,
1399,811,1165.83,354.833,69.56417316,,0.171551984,,,
1340,774,1116.67,342.667,69.31322593,,0.02664766,,,
1277,739,1064.17,325.167,69.44379188,,0.086322586,,,
1280,735,1066.67,331.667,68.90603467,,0.059511676,,,
1398,806,1165,359,69.18454936,,0.001194707,,,
1368,788,1140,352,69.12280702,,0.000738633,,,
1341,781,1117.5,336.5,69.88814318,,0.54487776,,,
1373,794,1144.17,350.167,69.39528217,,0.06017079,,,
1306,754,1088.33,334.333,69.28045721,,0.017023046,,,
1376,788,1146.67,358.667,68.72073046,,0.184259303,,,
1336,775,1113.33,338.333,69.61098686,,0.21252288,,,
1260,717,1050,333,68.28571429,,0.746963556,,,
1406,806,1171.67,365.667,68.79070045,,0.129085256,,,
1295,756,1079.17,323.167,70.05383767,,0.816949977,,,
1274,739,1061.67,322.667,69.60731677,,0.209152517,,,
1360,783,1133.33,350.333,69.0884385,,0.00378795,,,
1353,779,1127.5,348.5,69.09090909,,0.003489942,,,
1364,821,1136.67,315.667,72.22852719,,9.477423118,,,
1342,761,1118.33,357.333,68.04789284,,1.214606732,,,
1357,778,1130.83,352.833,68.79902373,,0.12317369,,,
1304,774,1086.67,312.667,71.22677538,,4.313059022,,,
1300,749,1083.33,334.333,69.13867427,,0.000127928,,,
1315,748,1095.83,347.833,68.25876276,,0.794276753,,,
1244,725,1036.67,311.667,69.93546645,,0.616981384,,,
1306,732,1088.33,356.333,67.25901151,,3.575780048,,,
1294,760,1078.33,318.333,70.47935233,,1.767217982,,,
1371,803,1142.5,339.5,70.28446389,,1.287042772,,,
1351,784,1125.83,341.833,69.63751188,,0.237682634,,,
1350,795,1125,330,70.66666667,,2.300323824,,,
1345,781,1120.83,339.833,69.68050463,,0.281451265,,,
1321,766,1100.83,334.833,69.58385945,,0.188247196,,,
1309,748,1090.83,342.833,68.57163811,,0.334484916,,,
1318,767,1098.33,331.333,69.83329236,,0.466909197,,,
1372,762,1143.33,381.333,66.64742463,,6.262807514,,,
1354,792,1128.33,336.333,70.192231,,1.086277092,,,
1330,770,1108.33,338.333,69.47389315,,0.104916609,,,
1322,744,1101.67,357.667,67.533835,,2.611940254,,,
1385,806,1154.17,348.167,69.83373333,,0.467512028,,,
1322,772,1101.67,329.667,70.07543094,,0.856450515,,,
1319,779,1099.17,320.167,70.87165771,,2.964157524,,,
1291,744,1075.83,331.833,69.15590753,,3.50785E-05,,,
1330,779,1108.33,329.333,70.28592567,,1.290361619,,,
1362,767,1135,368,67.57709251,,2.473990216,,,
1313,768,1094.17,326.167,70.19018982,,1.082026451,,,
1354,789,1128.33,339.333,69.92635133,,0.602744963,,,
1326,764,1105,341,69.14027149,,9.43487E-05,,,
1229,723,1024.17,301.167,70.59374908,,2.084455252,,,
1349,776,1124.17,348.167,69.02870562,,0.014708644,,,
1331,777,1109.17,332.167,70.05238151,,0.814319787,,,
1424,823,1186.67,363.667,69.35373777,,0.041515265,,,
1369,778,1140.83,362.833,68.19596259,,0.910158418,,,
1280,729,1066.67,337.667,68.34353643,,0.650359011,,,
1389,785,1157.5,372.5,67.81857451,,1.772653403,,,
1329,753,1107.5,354.5,67.99097065,,1.343313836,,,
1364,784,1136.67,352.667,68.97340477,,0.031180514,,,
1355,765,1129.17,364.167,67.74887749,,1.963101739,,,
1291,744,1075.83,331.833,69.15590753,,3.50785E-05,,,
1349,773,1124.17,351.167,68.76184207,,0.150654794,,,
1302,732,1085,353,67.46543779,,2.837698703,,,
1359,806,1132.5,326.5,71.16997792,,4.080372144,,,
1312,744,1093.33,349.333,68.04898795,,1.212194098,,,
1353,780,1127.5,347.5,69.17960089,,0.000877111,,,
1308,754,1090,336,69.17431193,,0.000591808,,,
1275,728,1062.5,334.5,68.51764706,,0.399851044,,,
1351,774,1125.83,351.833,68.74927831,,0.160565707,,,
1304,761,1086.67,325.667,70.03046003,,0.775236594,,,
1348,782,1123.33,341.333,69.61444989,,0.215727805,,,
1273,724,1060.83,336.833,68.24844697,,0.812770494,,,
1283,720,1069.17,349.167,67.34195685,,3.268965158,,,
1338,779,1115,336,69.86547085,,0.511920262,,,
1338,758,1115,357,67.98206278,,1.364041891,,,
1352,755,1126.67,371.667,67.01163606,,4.572535418,,,
1358,783,1131.67,348.667,69.18978147,,0.001583774,,,
1338,775,1115,340,69.50672646,,0.127264596,,,
1282,738,1068.33,330.333,69.07977872,,0.004928896,,,
1353,793,1127.5,334.5,70.33259424,,1.398565029,,,
1344,762,1120,358,68.03571429,,1.241598824,,,
1348,790,1123.33,333.333,70.32661818,,1.384466064,,,
1290,747,1075,328,69.48837209,,0.114505947,,,
1297,749,1080.83,331.833,69.2985946,,0.022084866,,,
1299,743,1082.5,339.5,68.63741339,,0.262729466,,,
1332,761,1110,349,68.55855856,,0.349785023,,,
1330,768,1108.33,340.333,69.29344148,,0.020579814,,,
1323,739,1102.5,363.5,67.02947846,,4.496547231,,,
1307,736,1089.17,353.167,67.57439151,,2.482494281,,,
1384,804,1153.33,349.333,69.71118414,,0.314944673,,,
1330,771,1108.33,337.333,69.56411899,,0.171507111,,,
1407,807,1172.5,365.5,68.82729211,,0.104130585,,,
1257,703,1047.5,344.5,67.11217184,,4.152681751,,,
1331,764,1109.17,345.167,68.88033394,,0.072711595,,,
1248,723,1040,317,69.51923077,,0.136342571,,,
1311,747,1092.5,345.5,68.37528604,,0.600158198,,,
1277,708,1064.17,356.167,66.53072347,,6.860529995,,,
1334,760,1111.67,351.667,68.3656121,,0.615240568,,,
1371,798,1142.5,344.5,69.84682713,,0.48558921,,,
1353,785,1127.5,342.5,69.62305987,,0.2238,,,
1298,756,1081.67,325.667,69.89192637,,0.550477268,,,
1445,825,1204.17,379.167,68.51192107,,0.407125344,,,
1339,787,1115.83,328.833,70.53045715,,1.90570385,,,
1345,766,1120.83,354.833,68.34221068,,0.652499056,,,
1420,808,1183.33,375.333,68.28188248,,0.753601665,,,
1379,803,1149.17,346.167,69.87651957,,0.52785275,,,
1387,795,1155.83,360.833,68.78174126,,0.13560332,,,
1364,775,1136.67,361.667,68.18161824,,0.937733842,,,
1404,799,1170,371,68.29059829,,0.738545207,,,
1300,756,1083.33,327.333,69.78483011,,0.403028539,,,
1370,806,1141.67,335.667,70.59833402,,2.097715404,,,
1224,715,1020,305,70.09803922,,0.898807137,,,
1288,745,1073.33,328.333,69.41015345,,0.067687715,,,
1369,793,1140.83,347.833,69.51079477,,0.130183822,,,
1439,833,1199.17,366.167,69.46471309,,0.099053886,,,
1333,767,1110.83,343.833,69.04746901,,0.010509491,,,
1324,762,1103.33,341.333,69.06365276,,0.007453225,,,
1301,754,1084.17,330.167,69.54628887,,0.157056897,,,
1338,772,1115,343,69.23766816,,0.007688368,,,
1435,840,1195.83,355.833,70.24409824,,1.197084179,,,
1330,774,1108.33,334.333,69.8347965,,0.468967031,,,
1354,781,1128.33,347.333,69.2173389,,0.004536572,,,
1325,745,1104.17,359.167,67.47149443,,2.817330004,,,
1327,742,1105.83,363.833,67.09892117,,4.206862087,,,
1398,800,1165,365,68.6695279,,0.230838855,,,
1357,777,1130.83,353.833,68.7105931,,0.19306508,,,
1308,755,1090,335,69.26605505,,0.013472297,,,
1372,795,1143.33,348.333,69.53373042,,0.147260685,,,
1384,792,1153.33,361.333,68.6707187,,0.229696012,,,
1431,830,1192.5,362.5,69.60167715,,0.20402596,,,
1323,751,1102.5,351.5,68.11791383,,1.065170524,,,
1374,787,1145,358,68.73362445,,0.173355954,,,
1255,714,1045.83,331.833,68.27113393,,0.772378884,,,
1354,784,1128.33,344.333,69.48321856,,0.111044727,,,
1284,731,1070,339,68.31775701,,0.692603129,,,
1355,774,1129.17,355.167,68.54592311,,0.364890547,,,
1282,730,1068.33,338.333,68.33094643,,0.670823884,,,
1380,807,1150,343,70.17391304,,1.048429007,,,
1433,854,1194.17,340.167,71.51410603,,5.589069104,,,
1344,810,1120,310,72.32142857,,10.05805547,,,
1354,774,1128.33,354.333,68.59695302,,0.305844173,,,
1255,731,1045.83,314.833,69.89663712,,0.557489658,,,
1311,756,1092.5,336.5,69.19908467,,0.002410795,,,
1319,752,1099.17,347.167,68.41525879,,0.539822345,,,
1225,694,1020.83,326.833,67.98389546,,1.359764401,,,
1411,800,1175.83,375.833,68.03704617,,1.238632435,,,
1324,780,1103.33,323.333,70.69507763,,2.387311787,,,
1375,806,1145.83,339.833,70.34202281,,1.420954577,,,
1384,801,1153.33,352.333,69.45106778,,0.090650947,,,
1384,791,1153.33,362.333,68.58401325,,0.32032382,,,
1345,784,1120.83,336.833,69.94816341,,0.637089069,,,
1319,770,1099.17,329.167,70.05285807,,0.815180098,,,
1356,784,1130,346,69.38053097,,0.053151529,,,
1352,762,1126.67,364.667,67.632936,,2.301437131,,,
1361,799,1134.17,335.167,70.44799281,,1.68482473,,,
1417,819,1180.83,361.833,69.35799395,,0.0432678,,,
1291,746,1075.83,329.833,69.34181051,,0.036797095,,,
1337,764,1114.17,350.167,68.57122342,,0.334964756,,,
1266,749,1055,306,70.99526066,,3.405042939,,,
1363,776,1135.83,359.833,68.32008311,,0.688736847,,,
1318,760,1098.33,338.333,69.19596114,,0.002113822,,,
1329,784,1107.5,323.5,70.79006772,,2.689871919,,,
1309,754,1090.83,336.833,69.12167799,,0.000801277,,,
1351,789,1125.83,336.833,70.08162867,,0.867960254,,,
1390,799,1158.33,359.333,68.97861577,,0.029367353,,,
1339,780,1115.83,335.833,69.90312144,,0.567214773,,,
1414,832,1178.33,346.333,70.60840342,,2.126984808,,,
1362,806,1135,329,71.01321586,,3.471629905,,,
1300,764,1083.33,319.333,70.52329392,,1.885977878,,,
1309,746,1090.83,344.833,68.38829148,,0.580176737,,,
1358,778,1131.67,353.667,68.74795656,,0.161626722,,,
1310,733,1091.67,358.667,67.14483315,,4.020633238,,,
1352,763,1126.67,363.667,67.72169313,,2.040017149,,,
1348,771,1123.33,352.333,68.6352185,,0.264984362,,,
1310,748,1091.67,343.667,68.51887475,,0.398299919,,,
1297,745,1080.83,335.833,68.92850865,,0.049051696,,,
1302,756,1085,329,69.67741935,,0.278187189,,,
1329,763,1107.5,344.5,68.89390519,,0.065576776,,,
1296,737,1080,343,68.24074074,,0.826724796,,,
1285,715,1070.83,355.833,66.77063586,,5.661301464,,,
1407,812,1172.5,360.5,69.25373134,,0.010763341,,,
1339,781,1115.83,334.833,69.99274083,,0.710237692,,,
1297,769,1080.83,311.833,71.14902436,,3.996159086,,,
1267,724,1055.83,331.833,68.57164506,,0.334476882,,,
1269,717,1057.5,340.5,67.80141844,,1.818631282,,,
1355,794,1129.17,335.167,70.3171356,,1.362240932,,,
1353,781,1127.5,346.5,69.26829268,,0.01399675,,,
1305,761,1087.5,326.5,69.97701149,,0.68397312,,,
1350,761,1125,364,67.64444444,,2.266651822,,,
1406,799,1171.67,372.667,68.19326261,,0.915317391,,,
1364,809,1136.67,327.667,71.17281181,,4.091829031,,,
1351,787,1125.83,338.833,69.90398195,,0.568511674,,,
1301,732,1084.17,352.167,67.5170868,,2.666355932,,,
1411,821,1175.83,354.833,69.82301863,,0.452974514,,,
1342,776,1118.33,342.333,69.38917851,,0.05721362,,,
1356,786,1130,344,69.55752212,,0.166086654,,,
1274,746,1061.67,315.667,70.26665536,,1.246953103,,,
1239,709,1032.5,323.5,68.66828087,,0.232038694,,,
1315,782,1095.83,313.833,71.3614338,,4.890506587,,,
1308,738,1090,352,67.70642202,,2.083873562,,,
1305,760,1087.5,327.5,69.88505747,,0.540331803,,,
1292,765,1076.67,311.667,71.0524116,,3.619227663,,,
1266,718,1055,337,68.05687204,,1.194895554,,,
1334,760,1111.67,351.667,68.3656121,,0.615240568,,,
1284,755,1070,315,70.56074766,,1.990251801,,,
1372,775,1143.33,368.333,67.78445418,,1.864673923,,,
1303,734,1085.83,351.833,67.59805863,,2.408474906,,,
1228,727,1023.33,296.333,71.04257669,,3.581903971,,,
1403,796,1169.17,373.167,68.08248587,,1.139554017,,,
1270,722,1058.33,336.333,68.22068731,,0.863593863,,,
1336,773,1113.33,340.333,69.4313456,,0.07916389,,,
1280,735,1066.67,331.667,68.90603467,,0.059511676,,,
1345,778,1120.83,342.833,69.41284584,,0.069095914,,,
1309,744,1090.83,346.833,68.20494486,,0.893100529,,,
1362,775,1135,360,68.28193833,,0.753504716,,,
1369,780,1140.83,360.833,68.37127355,,0.606391248,,,
1333,766,1110.83,344.833,68.95744623,,0.037071107,,,
1424,822,1186.67,364.667,69.26946834,,0.014276313,,,
1376,795,1146.67,351.667,69.3311938,,0.032836696,,,
1346,764,1121.67,357.667,68.11272478,,1.075908398,,,
1379,800,1149.17,349.167,69.61546159,,0.216668627,,,
1366,796,1138.33,342.333,69.92699832,,0.603749982,,,
1357,789,1130.83,341.833,69.77176057,,0.386605077,,,
1415,825,1179.17,354.167,69.96446653,,0.663380458,,,
1387,790,1155.83,365.833,68.34915169,,0.641333699,,,
1382,791,1151.67,360.667,68.68286922,,0.218196979,,,
1341,765,1117.5,352.5,68.45637584,,0.481093419,,,
1312,788,1093.33,305.333,72.07339047,,8.546300581,,,
1412,825,1176.67,351.667,70.11311583,,0.927621336,,,
1362,776,1135,359,68.37004405,,0.6083076,,,
1435,833,1195.83,362.833,69.65873076,,0.258822427,,,
1302,765,1085,320,70.50691244,,1.841252572,,,
1400,825,1166.67,341.667,70.71408367,,2.446405225,,,
1371,806,1142.5,336.5,70.54704595,,1.951779806,,,
1339,761,1115.83,354.833,68.2003531,,0.901800403,,,
1379,803,1149.17,346.167,69.87651957,,0.52785275,,,
1326,760,1105,345,68.77828054,,0.13816407,,,
1293,749,1077.5,328.5,69.51276102,,0.131606572,,,
1410,827,1175,348,70.38297872,,1.520273966,,,
1349,785,1124.17,339.167,69.82929628,,0.461464061,,,
1285,726,1070.83,344.833,67.79787641,,1.828197143,,,
1369,773,1140.83,367.833,67.75768519,,1.938498248,,,
1353,806,1127.5,321.5,71.48558758,,5.455040267,,,
1363,786,1135.83,349.833,69.20049655,,0.002551435,,,
1259,719,1049.17,330.167,68.5303621,,0.38393232,,,
1365,780,1137.5,357.5,68.57142857,,0.334727333,,,
1294,733,1078.33,345.333,67.9754806,,1.379460153,,,
1297,747,1080.83,333.833,69.11355162,,0.001327378,,,
1369,785,1140.83,355.833,68.80955094,,0.115895226,,,
1410,804,1175,371,68.42553191,,0.524832012,,,
1379,799,1149.17,350.167,69.52844227,,0.143230039,,,
1325,776,1104.17,328.167,70.27903312,,1.274750064,,,
1337,742,1114.17,372.167,66.5966594,,6.519470717,,,
1317,780,1097.5,317.5,71.07061503,,3.68882042,,,
1290,731,1075,344,68,,1.322465086,,,
1343,783,1119.17,336.167,69.96256154,,0.660280928,,,
1313,772,1094.17,322.167,70.55576373,,1.976214343,,,
1316,752,1096.67,344.667,68.57122015,,0.334968545,,,
1388,819,1156.67,337.667,70.80671237,,2.744746184,,,
1389,790,1157.5,367.5,68.25053996,,0.809001062,,,
1315,749,1095.83,346.833,68.35001779,,0.639947242,,,
1312,750,1093.33,343.333,68.59777012,,0.30494108,,,
1360,794,1133.33,339.333,70.05902959,,0.826362385,,,
1296,730,1080,350,67.59259259,,2.42547055,,,
1395,802,1162.5,360.5,68.98924731,,0.025836547,,,
1344,782,1120,338,69.82142857,,0.450836711,,,
1348,759,1123.33,364.333,67.56696607,,2.50594835,,,
1314,754,1095,341,68.85844749,,0.084994016,,,
1328,754,1106.67,352.667,68.1323249,,1.035631707,,,
1319,760,1099.17,339.167,69.14308069,,4.7667E-05,,,
1298,747,1081.67,334.667,69.05987963,,0.008118945,,,
1412,820,1176.67,356.667,69.68818785,,0.289662504,,,
1317,753,1097.5,344.5,68.61047836,,0.29106722,,,
1319,764,1099.17,335.167,69.50699164,,0.127453869,,,
1326,742,1105,363,67.14932127,,4.002654652,,,
1405,792,1170.83,378.833,67.6443207,,2.267024456,,,
1318,753,1098.33,345.333,68.55862992,,0.349700618,,,
1344,780,1120,340,69.64285714,,0.242923127,,,
1275,711,1062.5,351.5,66.91764706,,4.98333188,,,
1366,771,1138.33,367.333,67.73079863,,2.014089453,,,
1359,780,1132.5,352.5,68.87417219,,0.076072609,,,
1315,748,1095.83,347.833,68.25876276,,0.794276753,,,
1302,751,1085,334,69.21658986,,0.004436232,,,
1247,725,1039.17,314.167,69.76721807,,0.380976883,,,
1319,775,1099.17,324.167,70.50774675,,1.84351747,,,
1367,786,1139.17,353.167,68.99760352,,0.023220061,,,
1360,773,1133.33,360.333,68.20608296,,0.890950723,,,
1356,776,1130,354,68.67256637,,0.227928375,,,
1303,755,1085.83,330.833,69.53206303,,0.145983759,,,
1273,754,1060.83,306.833,71.07642129,,3.711157484,,,
1274,720,1061.67,341.667,67.81768346,,1.775026911,,,
1256,734,1046.67,312.667,70.1271652,,0.954881495,,,
1398,799,1165,366,68.58369099,,0.320688705,,,
1328,757,1106.67,349.667,68.40340842,,0.557376316,,,
1458,833,1215,382,68.55967078,,0.348470664,,,
1382,768,1151.67,383.667,66.68576936,,6.072357828,,,
1371,780,1142.5,362.5,68.27133479,,0.772025871,,,
1324,748,1103.33,355.333,67.79476675,,1.836616013,,,
1302,752,1085,333,69.30875576,,0.025208212,,,
1304,746,1086.67,340.667,68.65009617,,0.249888667,,,
1368,774,1140,366,67.89473684,,1.575647486,,,
1314,748,1095,347,68.31050228,,0.70473093,,,
1362,774,1135,361,68.1938326,,0.914227069,,,
1324,773,1103.33,330.333,70.06063462,,0.829283066,,,
1358,777,1131.67,354.667,68.65959158,,0.240485533,,,
1249,726,1040.83,314.833,69.75202483,,0.362452169,,,
1262,727,1051.67,324.667,69.12814856,,0.000476822,,,
1350,768,1125,357,68.26666667,,0.78025096,,,
1261,714,1050.83,336.833,67.94629008,,1.448881038,,,
1290,746,1075,329,69.39534884,,0.060203501,,,
1282,728,1068.33,340.333,68.14373836,,1.012531942,,,
1337,778,1114.17,336.167,69.82776417,,0.459384841,,,
1367,788,1139.17,351.167,69.17316994,,0.00053755,,,
1402,790,1168.33,378.333,67.61788193,,2.347339253,,,
1427,808,1189.17,381.167,67.94655096,,1.448253066,,,
1402,822,1168.33,346.333,70.35683411,,1.456485218,,,
1384,791,1153.33,362.333,68.58401325,,0.32032382,,,
1287,744,1072.5,328.5,69.37062937,,0.048684018,,,
1338,777,1115,338,69.68609865,,0.287418044,,,
1338,775,1115,340,69.50672646,,0.127264596,,,
1347,774,1122.5,348.5,68.9532294,,0.038712696,,,
1385,783,1154.17,371.167,67.8409593,,1.713547801,,,
1315,766,1095.83,329.833,69.90135331,,0.564554611,,,
1272,729,1060,331,68.77358491,,0.141676896,,,
1327,738,1105.83,367.833,66.73720192,,5.821521319,,,
1293,745,1077.5,332.5,69.14153132,,7.14616E-05,,,
1329,768,1107.5,339.5,69.34537246,,0.03817633,,,
1380,810,1150,340,70.43478261,,1.650705358,,,
1363,780,1135.83,355.833,68.67224849,,0.228232003,,,
1324,774,1103.33,329.333,70.15126934,,1.002570688,,,
1356,792,1130,338,70.08849558,,0.880802438,,,
1322,749,1101.67,352.667,67.98769141,,1.350925962,,,
1314,777,1095,318,70.95890411,,3.272188996,,,
1334,759,1111.67,352.667,68.27565734,,0.764448535,,,
1401,801,1167.5,366.5,68.60813704,,0.293599011,,,
1355,796,1129.17,333.167,70.49425684,,1.807067273,,,
1330,768,1108.33,340.333,69.29344148,,0.020579814,,,
1313,764,1094.17,330.167,69.82461592,,0.45512712,,,
1349,784,1124.17,340.167,69.74034176,,0.34852132,,,
1311,747,1092.5,345.5,68.37528604,,0.600158198,,,
1452,844,1210,366,69.75206612,,0.362501887,,,
1276,736,1063.33,327.333,69.21651792,,0.004426653,,,
1345,753,1120.83,367.833,67.18235593,,3.871563438,,,
1370,790,1141.67,351.667,69.19687826,,0.002198994,,,
1304,745,1086.67,341.667,68.55807191,,0.350360896,,,
1299,757,1082.5,325.5,69.93071594,,0.609541074,,,
1346,782,1121.67,339.667,69.71747484,,0.322044919,,,
1398,821,1165,344,70.472103,,1.747996493,,,
1316,749,1096.67,347.667,68.29766475,,0.726449504,,,
1304,736,1086.67,350.667,67.72985359,,2.016772712,,,
1425,816,1187.5,371.5,68.71578947,,0.188525599,,,
1381,787,1150.83,363.833,68.38542617,,0.584549928,,,
1305,757,1087.5,330.5,69.6091954,,0.210874359,,,
1397,806,1164.17,358.167,69.23387478,,0.007037525,,,
1368,789,1140,351,69.21052632,,0.003665273,,,
1306,762,1088.33,326.333,70.01552838,,0.749165651,,,
1321,770,1100.83,330.833,69.94722164,,0.63558655,,,
1352,766,1126.67,360.667,67.98796453,,1.350291148,,,
1302,756,1085,329,69.67741935,,0.278187189,,,
1292,735,1076.67,341.667,68.26604252,,0.78135399,,,
1324,773,1103.33,330.333,70.06063462,,0.829283066,,,
1332,770,1110,340,69.36936937,,0.048129581,,,
1392,802,1160,358,69.13793103,,0.000145294,,,
1376,791,1146.67,355.667,68.98235761,,0.028098882,,,
1242,701,1035,334,67.7294686,,2.017866334,,,
1347,767,1122.5,355.5,68.32962138,,0.672996172,,,
1323,780,1102.5,322.5,70.74829932,,2.55460924,,,
1316,761,1096.67,335.667,69.39188635,,0.058516349,,,
1292,760,1076.67,316.667,70.58801676,,2.067935847,,,
1301,745,1084.17,339.167,68.71616075,,0.188203324,,,
1315,766,1095.83,329.833,69.90135331,,0.564554611,,,
1355,771,1129.17,358.167,68.28024124,,0.756453896,,,
1333,760,1110.83,350.833,68.41730958,,0.536813008,,,
1331,763,1109.17,346.167,68.79017644,,0.129462072,,,
1323,770,1102.5,332.5,69.84126984,,0.477874981,,,
1406,817,1171.67,354.667,69.72953135,,0.335874184,,,
1397,804,1164.17,360.167,69.06207856,,0.00772751,,,
1375,796,1145.83,349.833,69.469293,,0.101957715,,,
1376,796,1146.67,350.667,69.41840285,,0.072048241,,,
1381,795,1150.83,355.833,69.08057663,,0.004817497,,,
1450,844,1208.33,364.333,69.84846855,,0.487879518,,,
1311,755,1092.5,337.5,69.10755149,,0.001800588,,,
1318,759,1098.33,339.333,69.10491382,,0.002031395,,,
1264,727,1053.33,326.333,69.01920576,,0.017103163,,,
1316,771,1096.67,325.667,70.30373768,,1.331145659,,,
1332,768,1110,342,69.18918919,,0.001536983,,,
1360,790,1133.33,343.333,69.70608737,,0.309250047,,,
1336,763,1113.33,350.333,68.53313932,,0.38049837,,,
1407,808,1172.5,364.5,68.91257996,,0.056361069,,,
1301,743,1084.17,341.167,68.53168783,,0.382291162,,,
1283,720,1069.17,349.167,67.34195685,,3.268965158,,,
1354,773,1128.33,355.333,68.50832646,,0.411725445,,,
1326,786,1105,319,71.13122172,,3.925299652,,,
1344,775,1120,345,69.19642857,,0.002157022,,,
1347,778,1122.5,344.5,69.30957684,,0.025469612,,,
1333,777,1110.83,333.833,69.94769677,,0.636344351,,,
1322,745,1101.67,356.667,67.62460628,,2.326779692,,,
1328,761,1106.67,345.667,68.76485312,,0.148326428,,,
1357,781,1130.83,349.833,69.06431559,,0.007339217,,,
1352,783,1126.67,343.667,69.49683581,,0.120305608,,,
1364,774,1136.67,362.667,68.09364195,,1.11586025,,,
1332,750,1110,360,67.56756757,,2.504044361,,,
1291,740,1075.83,335.833,68.78410158,,0.133870547,,,
1357,775,1130.83,355.833,68.53373186,,0.37976771,,,
1396,816,1163.33,347.333,70.14346746,,0.987007756,,,
1364,772,1136.67,364.667,67.91768939,,1.518552024,,,
1358,778,1131.67,353.667,68.74795656,,0.161626722,,,
1323,787,1102.5,315.5,71.38321995,,4.987339167,,,
1264,727,1053.33,326.333,69.01920576,,0.017103163,,,
1420,815,1183.33,368.333,68.87343345,,0.076480662,,,
1346,767,1121.67,354.667,68.38018312,,0.592594658,,,
1318,756,1098.33,342.333,68.83177187,,0.10125948,,,
1365,800,1137.5,337.5,70.32967033,,1.391657902,,,
1341,780,1117.5,337.5,69.79865772,,0.420776529,,,
1298,746,1081.67,335.667,68.96742999,,0.033326265,,,
1314,768,1095,327,70.1369863,,0.974171924,,,
1421,816,1184.17,368.167,68.90902489,,0.058061689,,,
1328,762,1106.67,344.667,68.85521429,,0.086889664,,,
1435,815,1195.83,380.833,68.15350008,,0.992981838,,,
1337,782,1114.17,332.167,70.18677581,,1.074935549,,,
1320,734,1100,366,66.72727273,,5.869533884,,,
1275,732,1062.5,330.5,68.89411765,,0.06546801,,,
1340,762,1116.67,354.667,68.23860227,,0.830618147,,,
1339,766,1115.83,349.833,68.64845003,,0.251537143,,,
1298,751,1081.67,330.667,69.42967818,,0.078228377,,,
1335,764,1112.5,348.5,68.6741573,,0.226411826,,,
1358,807,1131.67,324.667,71.31054106,,4.668003261,,,
1349,785,1124.17,339.167,69.82929628,,0.461464061,,,
1355,783,1129.17,346.167,69.34296873,,0.037242789,,,
1332,768,1110,342,69.18918919,,0.001536983,,,
1232,712,1026.67,314.667,69.35042419,,0.04017594,,,
1381,813,1150.83,337.833,70.64466515,,2.234069303,,,
1300,750,1083.33,333.333,69.23098225,,0.006560584,,,
1321,762,1100.83,338.833,69.22049726,,0.004972004,,,
1331,761,1109.17,348.167,68.60986143,,0.291733279,,,
1319,745,1099.17,354.167,67.77841462,,1.881204808,,,
1308,769,1090,321,70.55045872,,1.961327132,,,
1314,733,1095,362,66.94063927,,4.881207762,,,
1400,786,1166.67,380.667,67.37123608,,3.163947072,,,
1362,797,1135,338,70.22026432,,1.145498202,,,
1319,745,1099.17,354.167,67.77841462,,1.881204808,,,
1269,724,1057.5,333.5,68.46335697,,0.471457799,,,
1280,748,1066.67,318.667,70.12478086,,0.95022732,,,
1256,710,1046.67,336.667,67.83417887,,1.731345293,,,
1308,772,1090,318,70.82568807,,2.807981393,,,
1301,743,1084.17,341.167,68.53168783,,0.382291162,,,
1346,775,1121.67,346.667,69.09340537,,0.003201234,,,
1338,781,1115,334,70.04484305,,0.800771251,,,
1410,813,1175,362,69.19148936,,0.001722627,,,
1406,802,1171.67,369.667,68.4493074,,0.490948849,,,
1275,763,1062.5,299.5,71.81176471,,7.085072161,,,
1289,754,1074.17,320.167,70.19373097,,1.089406033,,,
1383,790,1152.5,362.5,68.54663774,,0.364027694,,,
1331,777,1109.17,332.167,70.05238151,,0.814319787,,,
1269,730,1057.5,327.5,69.03073286,,0.01422103,,,
1391,798,1159.17,361.167,68.84236134,,0.094632203,,,
1362,796,1135,339,70.13215859,,0.964665315,,,
1315,747,1095.83,348.833,68.16750773,,0.965261225,,,
1379,794,1149.17,355.167,69.09334563,,0.003207998,,,
1318,766,1098.33,332.333,69.74224504,,0.350772174,,,
1287,739,1072.5,333.5,68.9044289,,0.060297708,,,
1258,722,1048.33,326.333,68.87144315,,0.077585461,,,
1368,797,1140,343,69.9122807,,0.581095011,,,
1373,808,1144.17,336.167,70.61887657,,2.15764296,,,
1276,722,1063.33,341.333,67.89989937,,1.562713625,,,
1273,748,1060.83,312.833,70.51082643,,1.851889883,,,
1260,725,1050,325,69.04761905,,0.010478751,,,
1311,743,1092.5,349.5,68.00915332,,1.301496516,,,
1373,787,1144.17,357.167,68.78348497,,0.134322139,,,
1365,779,1137.5,358.5,68.48351648,,0.444180044,,,
1240,700,1033.33,333.333,67.74215401,,1.981987598,,,
1346,765,1121.67,356.667,68.20187756,,0.898907381,,,
1323,756,1102.5,346.5,68.57142857,,0.334727333,,,
1385,816,1154.17,338.167,70.70015682,,2.403033238,,,
1316,738,1096.67,358.667,67.29462828,,3.442347876,,,
1295,756,1079.17,323.167,70.05383767,,0.816949977,,,
1417,790,1180.83,390.833,66.90209429,,5.053011837,,,
1270,747,1058.33,311.333,70.58289947,,2.053244405,,,
1410,815,1175,360,69.36170213,,0.044824218,,,
1339,763,1115.83,352.833,68.37959187,,0.593505292,,,
1453,828,1210.83,382.833,68.38284483,,0.588503771,,,
1310,759,1091.67,332.667,69.52650526,,0.141767644,,,
1302,750,1085,335,69.12442396,,0.000653357,,,
1290,735,1075,340,68.37209302,,0.605115647,,,
1289,761,1074.17,313.167,70.84539691,,2.874422159,,,
1358,786,1131.67,345.667,69.45487642,,0.092958889,,,
1341,751,1117.5,366.5,67.20357942,,3.788493988,,,
1334,773,1111.67,338.667,69.53502388,,0.14825508,,,
1370,798,1141.67,343.667,69.89760614,,0.558937636,,,
1293,752,1077.5,325.5,69.79118329,,0.411135484,,,
1301,749,1084.17,335.167,69.08510658,,0.004209186,,,
1358,791,1131.67,340.667,69.89670134,,0.557585554,,,
1377,789,1147.5,358.5,68.75816993,,0.153518904,,,
1355,782,1129.17,347.167,69.25440811,,0.010904222,,,
1331,765,1109.17,344.167,68.97049145,,0.03221787,,,
1307,755,1089.17,334.167,69.31883912,,0.028511773,,,
1320,759,1100,341,69,,0.022495446,,,
1297,747,1080.83,333.833,69.11355162,,0.001327378,,,
1363,790,1135.83,345.833,69.55266193,,0.162148855,,,
1339,761,1115.83,354.833,68.2003531,,0.901800403,,,
1403,803,1169.17,366.167,68.68120119,,0.219758088,,,
1429,821,1190.83,369.833,68.94350999,,0.042631856,,,
1382,814,1151.67,337.667,70.67996909,,2.340851861,,,
1364,803,1136.67,333.667,70.64495412,,2.234933209,,,
1344,779,1120,341,69.55357143,,0.162882151,,,
1338,793,1115,322,71.12107623,,3.885201359,,,
1349,768,1124.17,356.167,68.31706948,,0.69374796,,,
1266,721,1055,334,68.34123223,,0.654080756,,,
1350,772,1125,353,68.62222222,,0.27853336,,,
1378,791,1148.33,357.333,68.88263827,,0.07147418,,,
1316,757,1096.67,339.667,69.02714581,,0.015089421,,,
1417,833,1180.83,347.833,70.54360069,,1.942165187,,,
1314,765,1095,330,69.8630137,,0.508410182,,,
1315,769,1095.83,326.833,70.1751184,,1.050898864,,,
1375,790,1145.83,355.833,68.94565511,,0.041750628,,,
1331,760,1109.17,349.167,68.51970392,,0.397254009,,,
1305,726,1087.5,361.5,66.75862069,,5.718622404,,,
1356,776,1130,354,68.67256637,,0.227928375,,,
1346,775,1121.67,346.667,69.09340537,,0.003201234,,,
1321,764,1100.83,336.833,69.40217836,,0.06360158,,,
1400,803,1166.67,363.667,68.82837478,,0.10343302,,,
1324,759,1103.33,344.333,68.79174862,,0.128333178,,,
1334,770,1111.67,341.667,69.26515962,,0.013265236,,,
1386,782,1155,373,67.70562771,,2.086167474,,,
1292,728,1076.67,348.667,67.61588973,,2.353447733,,,
1343,784,1119.17,335.167,70.05191347,,0.813475293,,,
1307,746,1089.17,343.167,68.49252183,,0.432257585,,,
1299,764,1082.5,318.5,70.57736721,,2.037420475,,,
1296,766,1080,314,70.92592593,,3.153966812,,,
1320,767,1100,333,69.72727273,,0.333261328,,,
1375,805,1145.83,340.833,70.25474983,,1.220505732,,,
1313,734,1094.17,360.167,67.08281163,,4.273205002,,,
1314,759,1095,336,69.31506849,,0.027252619,,,
1297,751,1080.83,329.833,69.48363757,,0.111324161,,,
1324,769,1103.33,334.333,69.69809576,,0.300425608,,,
1333,767,1110.83,343.833,69.04746901,,0.010509491,,,
1300,741,1083.33,342.333,68.40021046,,0.562161588,,,
1326,779,1105,326,70.49773756,,1.816437439,,,
1403,800,1169.17,369.167,68.42460891,,0.52617021,,,
1356,797,1130,333,70.53097345,,1.9071296,,,
1285,753,1070.83,317.833,70.31928504,,1.367263006,,,
1405,833,1170.83,337.833,71.14611002,,3.984515832,,,
1302,772,1085,313,71.15207373,,4.008360014,,,
1363,792,1135.83,343.833,69.72874462,,0.334962904,,,
1317,781,1097.5,316.5,71.16173121,,4.047123527,,,
1380,800,1150,350,69.56521739,,0.172418088,,,
1364,781,1136.67,355.667,68.70947593,,0.194048086,,,
1364,787,1136.67,349.667,69.23733361,,0.007629812,,,
1304,760,1086.67,326.667,69.93843577,,0.621654903,,,
1319,761,1099.17,338.167,69.23405843,,0.007068371,,,
1312,765,1093.33,328.333,69.96972552,,0.671974811,,,
1327,768,1105.83,337.833,69.45009631,,0.090066905,,,
1353,790,1127.5,337.5,70.06651885,,0.840034623,,,
1316,756,1096.67,340.667,68.93596068,,0.045806332,,,
1322,766,1101.67,335.667,69.53080324,,0.145022665,,,
1314,759,1095,336,69.31506849,,0.027252619,,,
1280,735,1066.67,331.667,68.90603467,,0.059511676,,,
1341,772,1117.5,345.5,69.08277405,,0.004517288,,,
1329,770,1107.5,337.5,69.52595937,,0.141356861,,,
1282,749,1068.33,319.333,70.10942312,,0.920521848,,,
1346,769,1121.67,352.667,68.55848868,,0.349867681,,,
1342,773,1118.33,345.333,69.12092137,,0.000844684,,,
1264,728,1053.33,325.333,69.11414277,,0.001284653,,,
1339,790,1115.83,325.833,70.79931531,,2.720291058,,,
1317,763,1097.5,334.5,69.52164009,,0.138127641,,,
1385,787,1154.17,367.167,68.1875287,,0.926321782,,,
1249,715,1040.83,325.833,68.69517597,,0.206851094,,,
1286,734,1071.67,337.667,68.49123331,,0.433953554,,,
1350,789,1125,336,70.13333333,,0.966974299,,,
1354,782,1128.33,346.333,69.30596545,,0.024329958,,,
1344,766,1120,354,68.39285714,,0.573242319,,,
1317,756,1097.5,341.5,68.88382688,,0.070840049,,,
1325,761,1104.17,343.167,68.92054665,,0.052641872,,,
1325,774,1104.17,330.167,70.09790159,,0.898546205,,,
1288,729,1073.33,344.333,67.91946559,,1.514177579,,,
1321,766,1100.83,334.833,69.58385945,,0.188247196,,,
1372,798,1143.33,345.333,69.79612185,,0.417493067,,,
1412,805,1176.67,371.667,68.41340393,,0.54255141,,,
1354,777,1128.33,351.333,68.86283268,,0.08245635,,,
1320,745,1100,355,67.72727273,,2.024109699,,,
1354,786,1128.33,342.333,69.66047167,,0.260596825,,,
1377,816,1147.5,331.5,71.11111111,,3.84601633,,,
1310,753,1091.67,338.667,68.97688862,,0.029962294,,,
1340,763,1116.67,353.667,68.32815424,,0.675405495,,,
1293,756,1077.5,321.5,70.16241299,,1.025010806,,,
1328,756,1106.67,350.667,68.31304725,,0.700464496,,,
1306,762,1088.33,326.333,70.01552838,,0.749165651,,,
1328,771,1106.67,335.667,69.66846485,,0.268821546,,,
1304,753,1086.67,333.667,69.29426597,,0.02081705,,,
1296,748,1080,332,69.25925926,,0.011940903,,,
1323,750,1102.5,352.5,68.02721088,,1.260621311,,,
1344,783,1120,337,69.91071429,,0.57870932,,,
1353,783,1127.5,344.5,69.44567627,,0.087433437,,,
1365,788,1137.5,349.5,69.27472527,,0.015560181,,,
1358,771,1131.67,360.667,68.12940168,,1.041589944,,,
1365,785,1137.5,352.5,69.01098901,,0.019319835,,,
1341,784,1117.5,333.5,70.15659955,,1.01327322,,,
1386,798,1155,357,69.09090909,,0.003489942,,,
1352,764,1126.67,362.667,67.81045026,,1.794352824,,,
1412,801,1176.67,375.667,68.07346155,,1.158902355,,,
1287,749,1072.5,323.5,69.83682984,,0.471756077,,,
1435,823,1195.83,372.833,68.82249149,,0.10725188,,,
1426,828,1188.33,360.333,69.6776148,,0.2783934,,,
1357,802,1130.83,328.833,70.92135865,,3.137765239,,,
1352,767,1126.67,359.667,68.07672167,,1.151893797,,,
1412,805,1176.67,371.667,68.41340393,,0.54255141,,,
1319,750,1099.17,349.167,68.23330331,,0.84030499,,,
1369,797,1140.83,343.833,69.86141669,,0.506135303,,,
1311,744,1092.5,348.5,68.1006865,,1.101026967,,,
1378,793,1148.33,355.333,69.05680423,,0.008682623,,,
1363,786,1135.83,349.833,69.20049655,,0.002551435,,,
1279,743,1065.83,322.833,69.71092951,,0.314658946,,,
1361,784,1134.17,350.167,69.12543975,,0.000602461,,,
1312,780,1093.33,313.333,71.34168092,,4.803531794,,,
1350,779,1125,346,69.24444444,,0.008922621,,,
1318,758,1098.33,340.333,69.01386651,,0.018528195,,,
1356,786,1130,344,69.55752212,,0.166086654,,,
1400,793,1166.67,373.667,67.97123437,,1.389452628,,,
1305,749,1087.5,338.5,68.87356322,,0.076408902,,,
1340,768,1116.67,348.667,68.7759141,,0.139928902,,,
1352,790,1126.67,336.667,70.11813575,,0.937316214,,,
1341,795,1117.5,322.5,71.1409396,,3.963900925,,,
1319,759,1099.17,340.167,69.05210295,,0.00958086,,,
1370,789,1141.67,352.667,69.10928727,,0.00165629,,,
1410,799,1175,376,68,,1.322465086,,,
1376,796,1146.67,350.667,69.41840285,,0.072048241,,,
1282,737,1068.33,331.333,68.98617468,,0.026833761,,,
1344,756,1120,364,67.5,,2.722449906,,,
1372,804,1143.33,339.333,70.32090473,,1.371053425,,,
1371,774,1142.5,368.5,67.74617068,,1.970694144,,,
1314,762,1095,333,69.5890411,,0.192770413,,,
1339,782,1115.83,333.833,70.08236022,,0.869323879,,,
1338,769,1115,346,68.96860987,,0.032896874,,,
1247,713,1039.17,326.167,68.61245032,,0.288943338,,,
1336,773,1113.33,340.333,69.4313456,,0.07916389,,,
1428,847,1190,343,71.17647059,,4.106644569,,,
1347,745,1122.5,377.5,66.36971047,,7.729925474,,,
1332,761,1110,349,68.55855856,,0.349785023,,,
1315,749,1095.83,346.833,68.35001779,,0.639947242,,,
1357,771,1130.83,359.833,68.18000937,,0.940852367,,,
1284,760,1070,310,71.02803738,,3.52708143,,,
1396,800,1163.33,363.333,68.76810535,,0.145831928,,,
1425,827,1187.5,360.5,69.64210526,,0.242182531,,,
1347,760,1122.5,362.5,67.70601336,,2.085053569,,,
1360,793,1133.33,340.333,69.97079403,,0.673727762,,,
1305,744,1087.5,343.5,68.4137931,,0.541978244,,,
1320,761,1100,339,69.18181818,,0.001013363,,,
1414,826,1178.33,352.333,70.0992082,,0.901025028,,,
1275,751,1062.5,311.5,70.68235294,,2.348152059,,,
1355,779,1129.17,350.167,68.98872623,,0.026004332,,,
1290,730,1075,345,67.90697674,,1.545069077,,,
1361,778,1134.17,356.167,68.59641853,,0.306435641,,,
1286,731,1071.67,340.667,68.21129639,,0.881135973,,,
1402,830,1168.33,338.333,71.04157216,,3.578102659,,,
1335,765,1112.5,347.5,68.76404494,,0.148949588,,,
1384,811,1153.33,342.333,70.31812231,,1.364545188,,,
1347,762,1122.5,360.5,67.88418708,,1.602243912,,,
1375,832,1145.83,313.833,72.61112032,,11.97945897,,,
1254,722,1045,323,69.09090909,,0.003489942,,,
1355,777,1129.17,352.167,68.81160498,,0.114500913,,,
1321,770,1100.83,330.833,69.94722164,,0.63558655,,,
1397,804,1164.17,360.167,69.06207856,,0.00772751,,,
1349,773,1124.17,351.167,68.76184207,,0.150654794,,,
1345,778,1120.83,342.833,69.41284584,,0.069095914,,,
1350,793,1125,332,70.48888889,,1.792664106,,,
1375,787,1145.83,358.833,68.68383617,,0.217294563,,,
1375,785,1145.83,360.833,68.50929021,,0.410489585,,,
1357,771,1130.83,359.833,68.18000937,,0.940852367,,,
1335,765,1112.5,347.5,68.76404494,,0.148949588,,,
1306,755,1088.33,333.333,69.37234111,,0.04944232,,,
1380,802,1150,348,69.73913043,,0.347092555,,,
1351,776,1125.83,349.833,68.92692502,,0.049755673,,,
1344,781,1120,339,69.73214286,,0.33890798,,,
1349,786,1124.17,338.167,69.9182508,,0.590232614,,,
1281,726,1067.5,341.5,68.00936768,,1.301007457,,,
1354,788,1128.33,340.333,69.83772478,,0.472986251,,,
1286,746,1071.67,325.667,69.61098099,,0.212517471,,,
1367,782,1139.17,357.167,68.64647068,,0.253526493,,,
1330,755,1108.33,353.333,68.12050563,,1.059827412,,,
1373,794,1144.17,350.167,69.39528217,,0.06017079,,,
1353,776,1127.5,351.5,68.8248337,,0.105723249,,,
1352,768,1126.67,358.667,68.1654788,,0.969252103,,,
1359,771,1132.5,361.5,68.0794702,,1.146001554,,,
1291,725,1075.83,350.833,67.38982925,,3.098147637,,,
1336,765,1113.33,348.333,68.71278058,,0.19114755,,,
1326,744,1105,361,67.33031674,,3.311191914,,,
1405,815,1170.83,355.833,69.6087391,,0.210455489,,,
1304,733,1086.67,353.667,67.45378082,,2.877108021,,,
1277,738,1064.17,326.167,69.34982193,,0.039934869,,,
1316,760,1096.67,336.667,69.30070121,,0.022715431,,,
1375,775,1145.83,370.833,67.6365604,,2.290453483,,,
1328,761,1106.67,345.667,68.76485312,,0.148326428,,,
1366,780,1138.33,358.333,68.52143052,,0.395080512,,,
1272,723,1060,337,68.20754717,,0.888188724,,,
1306,771,1088.33,317.333,70.84248344,,2.864551572,,,
1337,780,1114.17,334.167,70.00726999,,0.734937855,,,
1375,790,1145.83,355.833,68.94565511,,0.041750628,,,
1372,790,1143.33,353.333,69.09641136,,0.002870116,,,
1281,721,1067.5,346.5,67.54098361,,2.588884905,,,
1383,800,1152.5,352.5,69.4143167,,0.069871344,,,
1340,763,1116.67,353.667,68.32815424,,0.675405495,,,
1328,764,1106.67,342.667,69.03593664,,0.013006988,,,
1361,773,1134.17,361.167,68.15556751,,0.988865791,,,
1275,758,1062.5,304.5,71.34117647,,4.80132085,,,
1306,755,1088.33,333.333,69.37234111,,0.04944232,,,
1285,739,1070.83,331.833,69.01188797,,0.019070739,,,
1337,771,1114.17,343.167,69.19949379,,0.002451138,,,
1318,759,1098.33,339.333,69.10491382,,0.002031395,,,
1308,758,1090,332,69.5412844,,0.153115364,,,
1387,819,1155.83,336.833,70.85817118,,2.917900655,,,
1344,776,1120,344,69.28571429,,0.018422488,,,
1308,751,1090,339,68.89908257,,0.06295194,,,
1364,798,1136.67,338.667,70.20507271,,1.113210461,,,
1281,754,1067.5,313.5,70.6323185,,2.197313142,,,
1307,762,1089.17,327.167,69.96153034,,0.65860613,,,
1278,748,1065,317,70.23474178,,1.176697671,,,
1385,802,1154.17,352.167,69.48716394,,0.113689756,,,
1332,788,1110,322,70.99099099,,3.389303722,,,
1331,785,1109.17,324.167,70.77364155,,2.636261183,,,
1328,764,1106.67,342.667,69.03593664,,0.013006988,,,
1340,762,1116.67,354.667,68.23860227,,0.830618147,,,
1339,786,1115.83,329.833,70.44083776,,1.666301318,,,
1295,761,1079.17,318.167,70.5171567,,1.86915896,,,
1330,768,1108.33,340.333,69.29344148,,0.020579814,,,
1324,766,1103.33,337.333,69.42619162,,0.076290196,,,
1267,735,1055.83,320.833,69.61347944,,0.214827265,,,
1345,788,1120.83,332.833,70.3050418,,1.334156626,,,
1423,812,1185.83,373.833,68.47524519,,0.455273572,,,
1398,782,1165,383,67.12446352,,4.10273654,,,
1350,778,1125,347,69.15555556,,3.10331E-05,,,
1250,696,1041.67,345.667,66.81578619,,5.448483247,,,
1288,748,1073.33,325.333,69.68965742,,0.291246517,,,
1330,780,1108.33,328.333,70.37615151,,1.503484745,,,
1288,740,1073.33,333.333,68.94431349,,0.042300695,,,
1330,771,1108.33,337.333,69.56411899,,0.171507111,,,
1398,816,1165,349,70.04291845,,0.797330476,,,
1415,793,1179.17,386.167,67.25069328,,3.607308338,,,
1372,816,1143.33,327.333,71.37047047,,4.930556512,,,
1296,734,1080,346,67.96296296,,1.409020889,,,
1329,757,1107.5,350.5,68.35214447,,0.636549225,,,
1286,723,1071.67,348.667,67.46479793,,2.839854847,,,
1400,832,1166.67,334.667,71.31408196,,4.68331643,,,
1361,787,1134.17,347.167,69.38995036,,0.05758346,,,
1367,778,1139.17,361.167,68.29533783,,0.730421471,,,
1309,746,1090.83,344.833,68.38829148,,0.580176737,,,
1347,762,1122.5,360.5,67.88418708,,1.602243912,,,
1380,802,1150,348,69.73913043,,0.347092555,,,
1337,777,1114.17,337.167,69.73801126,,0.345775088,,,
1346,788,1121.67,333.667,70.25239152,,1.21530054,,,
1294,745,1078.33,333.333,69.08831248,,0.003803477,,,
1356,776,1130,354,68.67256637,,0.227928375,,,
1313,757,1094.17,337.167,69.18486158,,0.001216389,,,
1316,744,1096.67,352.667,67.84173908,,1.711506909,,,
1298,771,1081.67,310.667,71.27867094,,4.531304615,,,
1396,792,1163.33,371.333,68.0804243,,1.143959708,,,
1341,751,1117.5,366.5,67.20357942,,3.788493988,,,
1377,806,1147.5,341.5,70.23965142,,1.187373291,,,
1294,737,1078.33,341.333,68.34642456,,0.645709085,,,
1412,820,1176.67,356.667,69.68818785,,0.289662504,,,
1307,770,1089.17,319.167,70.6960346,,2.390269907,,,
1367,792,1139.17,347.167,69.52430278,,0.140113937,,,
1379,804,1149.17,345.167,69.9635389,,0.661870244,,,
1364,791,1136.67,345.667,69.58923874,,0.192944007,,,
1287,753,1072.5,319.5,70.20979021,,1.123187464,,,
1357,790,1130.83,340.833,69.86019119,,0.504393084,,,
1336,751,1113.33,362.333,67.45529178,,2.871984492,,,
1373,804,1144.17,340.167,70.26927817,,1.252817596,,,
1468,851,1223.33,372.333,69.56422225,,0.171592645,,,
1287,733,1072.5,339.5,68.34498834,,0.648019325,,,
1391,806,1159.17,353.167,69.53251033,,0.146325766,,,
1363,785,1135.83,350.833,69.11245521,,0.001408472,,,
1383,811,1152.5,341.5,70.36876356,,1.485421611,,,
1312,773,1093.33,320.333,70.70143507,,2.406997864,,,
1303,747,1085.83,338.833,68.79529945,,0.125801713,,,
1361,791,1134.17,343.167,69.74263118,,0.351229702,,,
1361,756,1134.17,378.167,66.65667404,,6.216598628,,,
1409,806,1174.17,368.167,68.6442338,,0.255784095,,,
1360,783,1133.33,350.333,69.0884385,,0.00378795,,,
1355,769,1129.17,360.167,68.10311999,,1.095925971,,,
1339,784,1115.83,331.833,70.26159899,,1.235686061,,,
1340,768,1116.67,348.667,68.7759141,,0.139928902,,,
1366,789,1138.33,349.333,69.31206241,,0.026269144,,,
1386,790,1155,365,68.3982684,,0.565077579,,,
1350,776,1125,349,68.97777778,,0.029655265,,,
1307,762,1089.17,327.167,69.96153034,,0.65860613,,,
1277,741,1064.17,323.167,69.63173177,,0.232080126,,,
1276,716,1063.33,347.333,67.33563428,,3.291867878,,,
1336,763,1113.33,350.333,68.53313932,,0.38049837,,,
1340,771,1116.67,345.667,69.04457002,,0.011112281,,,
1344,778,1120,342,69.46428571,,0.098785052,,,
1319,744,1099.17,355.167,67.68743688,,2.139046465,,,
1332,776,1110,334,69.90990991,,0.577486142,,,
1318,761,1098.33,337.333,69.28700846,,0.018775477,,,
1327,768,1105.83,337.833,69.45009631,,0.090066905,,,
1372,797,1143.33,346.333,69.70865804,,0.31211577,,,
1392,807,1160,353,69.56896552,,0.175544825,,,
1358,787,1131.67,344.667,69.5432414,,0.154650741,,,
1320,769,1100,331,69.90909091,,0.576242054,,,
1407,814,1172.5,358.5,69.42430704,,0.075252678,,,
1355,771,1129.17,358.167,68.28024124,,0.756453896,,,
1351,780,1125.83,345.833,69.28221845,,0.017485733,,,
1323,762,1102.5,340.5,69.11564626,,0.001179137,,,
1342,784,1118.33,334.333,70.10453086,,0.911158148,,,
1286,721,1071.67,350.667,67.27817332,,3.503678298,,,
1278,724,1065,341,67.98122066,,1.366009668,,,
1408,791,1173.33,382.333,67.41496425,,3.010296389,,,
1340,761,1116.67,355.667,68.1490503,,1.001869911,,,
1340,772,1116.67,344.667,69.13412199,,0.000251629,,,
1383,778,1152.5,374.5,67.50542299,,2.704583601,,,
1314,766,1095,329,69.9543379,,0.646983877,,,
1331,777,1109.17,332.167,70.05238151,,0.814319787,,,
1306,765,1088.33,323.333,70.29118006,,1.302326587,,,
1333,766,1110.83,344.833,68.95744623,,0.037071107,,,
1322,755,1101.67,346.667,68.53231912,,0.381510922,,,
1410,815,1175,360,69.36170213,,0.044824218,,,
1330,776,1108.33,332.333,70.01524817,,0.748680658,,,
1348,801,1123.33,322.333,71.30584957,,4.64775283,,,
1347,771,1122.5,351.5,68.68596882,,0.215310849,,,
1288,739,1073.33,334.333,68.8511455,,0.089304939,,,
1355,777,1129.17,352.167,68.81160498,,0.114500913,,,
1376,822,1146.67,324.667,71.68583812,,6.430551972,,,
1302,749,1085,336,69.03225806,,0.013859589,,,
1295,741,1079.17,338.167,68.66388057,,0.236297337,,,
1289,745,1074.17,329.167,69.35587477,,0.042390671,,,
1392,814,1160,346,70.17241379,,1.045361005,,,
1322,760,1101.67,341.667,68.98617553,,0.026833482,,,
1440,851,1200,349,70.91666667,,3.121164747,,,
1364,783,1136.67,353.667,68.88542849,,0.069990053,,,
1390,824,1158.33,334.333,71.13689536,,3.947813486,,,
1382,789,1151.67,362.667,68.50920837,,0.410594463,,,
1381,805,1150.83,345.833,69.9495147,,0.639248026,,,
1323,781,1102.5,321.5,70.83900227,,2.852779938,,,
1371,771,1142.5,371.5,67.48358862,,2.776876291,,,
1357,791,1130.83,339.833,69.94862181,,0.63782104,,,
1386,791,1155,364,68.48484848,,0.442406344,,,
1333,773,1110.83,337.833,69.58760566,,0.191512003,,,
1380,791,1150,359,68.7826087,,0.134965217,,,
1355,771,1129.17,358.167,68.28024124,,0.756453896,,,
1294,756,1078.33,322.333,70.10840837,,0.918575705,,,
1324,772,1103.33,331.333,69.96999991,,0.672424747,,,
1369,789,1140.83,351.833,69.16017286,,0.000103796,,,
1327,753,1105.83,352.833,68.09364911,,1.115845123,,,
1342,794,1118.33,324.333,70.99872131,,3.417826601,,,
1273,719,1060.83,341.833,67.77711792,,1.884763533,,,
1316,771,1096.67,325.667,70.30373768,,1.331145659,,,
1352,777,1126.67,349.667,68.96429301,,0.03448145,,,
1356,781,1130,349,69.11504425,,0.001220844,,,
1365,784,1137.5,353.5,68.92307692,,0.051487194,,,
1259,716,1049.17,333.167,68.24442178,,0.820044418,,,
1316,782,1096.67,314.667,71.30677414,,4.651740186,,,
1364,799,1136.67,337.667,70.29304899,,1.306595706,,,
1372,799,1143.33,344.333,69.88358567,,0.538170202,,,
1418,827,1181.67,354.667,69.98569821,,0.698416865,,,
1319,742,1099.17,357.167,67.50548141,,2.70439147,,,
1360,796,1133.33,337.333,70.23550069,,1.17834471,,,
1357,777,1130.83,353.833,68.7105931,,0.19306508,,,
1322,756,1101.67,345.667,68.6230904,,0.277617731,,,
1444,829,1203.33,374.333,68.8921576,,0.066474877,,,
1334,749,1111.67,362.667,67.37610982,,3.146632527,,,
1301,752,1084.17,332.167,69.36181595,,0.044872428,,,
,,,,69149.98482,,1038.577505,,,