m,score,5m/6,gap,a : R/(5m/6)*100,average,(ave-a)^2,S : standard deviation,Δ: 1.96*S/√1000,confidence interval
1130,833,941.667,108.667,88.46014568,88.35108719,0.011893754,1.216669969,0.075409986,88.35108719±0.075409986
1127,830,939.167,109.167,88.37618869,,0.000630085,,,
1144,854,953.333,99.3333,89.5804509,,1.511335137,,,88.2756772
1037,764,864.167,100.167,88.40883764,,0.003335115,,,to
1070,784,891.667,107.667,87.92520078,,0.181379238,,,88.42649717
1089,804,907.5,103.5,88.59504132,,0.059513619,,,
1130,817,941.667,124.667,86.76103124,,2.52827794,,,
1102,787,918.333,131.333,85.69876069,,7.034835867,,,
1014,749,845,96,88.63905325,,0.082924454,,,
1142,832,951.667,119.667,87.42553855,,0.856640276,,,
1094,804,911.667,107.667,88.19009573,,0.025918252,,,
1159,866,965.833,99.8333,89.66353396,,1.722516537,,,
1125,815,937.5,122.5,86.93333333,,2.010025998,,,
1096,793,913.333,120.333,86.82484921,,2.329402383,,,
1062,789,885,96,89.15254237,,0.64233041,,,
1056,790,880,90,89.77272727,,2.021060525,,,
1111,822,925.833,103.833,88.78491045,,0.188202624,,,
1057,778,880.833,102.833,88.32548281,,0.000655584,,,
1061,779,884.167,105.167,88.10552758,,0.060299524,,,
1052,783,876.667,93.6667,89.31555539,,0.930198915,,,
1076,798,896.667,98.6667,88.99624944,,0.416234334,,,
1135,839,945.833,106.833,88.70487708,,0.125167284,,,
1113,823,927.5,104.5,88.73315364,,0.145974771,,,
1066,789,888.333,99.3333,88.81804458,,0.218049208,,,
1020,745,850,105,87.64705882,,0.495655941,,,
1122,821,935,114,87.80748663,,0.295501568,,,
1045,765,870.833,105.833,87.84692358,,0.254180948,,,
1102,824,918.333,94.3333,89.72780026,,1.895338889,,,
1023,764,852.5,88.5,89.61876833,,1.607015469,,,
1040,735,866.667,131.667,84.80765969,,12.55587845,,,
1143,840,952.5,112.5,88.18897638,,0.026279915,,,
1071,795,892.5,97.5,89.07563025,,0.524962649,,,
1114,825,928.333,103.333,88.86897266,,0.268205364,,,
1009,762,840.833,78.8333,90.6244165,,5.168026157,,,
1194,894,995,101,89.84924623,,2.244480513,,,
1144,852,953.333,101.333,89.37066062,,1.039529977,,,
1078,801,898.333,97.3333,89.16515368,,0.662704249,,,
1099,803,915.833,112.833,87.67974074,,0.450706058,,,
1092,801,910,109,88.02197802,,0.108312844,,,
1099,807,915.833,108.833,88.11650159,,0.055030404,,,
1143,849,952.5,103.5,89.13385827,,0.61273056,,,
1083,808,902.5,94.5,89.52908587,,1.387680896,,,
1135,812,945.833,133.833,85.85025052,,6.25418405,,,
1097,791,914.167,123.167,86.52685997,,3.327804943,,,
1136,816,946.667,130.667,86.19715275,,4.639433583,,,
1061,796,884.167,88.1667,90.02824127,,2.812845812,,,
1084,820,903.333,83.3333,90.77494125,,5.875068482,,,
1084,815,903.333,88.3333,90.22143551,,3.498202823,,,
1096,801,913.333,112.333,87.70076193,,0.422922938,,,
1111,831,925.833,94.8333,89.75700801,,1.976613361,,,
1111,825,925.833,100.833,89.10894297,,0.574345389,,,
1090,814,908.333,94.3333,89.61471179,,1.596747118,,,
1116,802,930,128,86.23655914,,4.471228875,,,
1073,784,894.167,110.167,87.67937086,,0.451202834,,,
1070,776,891.667,115.667,87.02800485,,1.75054688,,,
1050,772,875,103,88.22857143,,0.015010112,,,
1095,802,912.5,110.5,87.89041096,,0.21222259,,,
1102,819,918.333,99.3333,89.18333546,,0.692637178,,,
1025,753,854.167,101.167,88.15606316,,0.038034373,,,
1022,741,851.667,110.667,87.00583679,,1.809698643,,,
1029,755,857.5,102.5,88.04664723,,0.092683689,,,
1098,805,915,110,87.97814208,,0.139088058,,,
1085,810,904.167,94.1667,89.58522043,,1.523084853,,,
1124,828,936.667,108.667,88.39854505,,0.002252249,,,
1062,792,885,93,89.49152542,,1.300599365,,,
1102,819,918.333,99.3333,89.18333546,,0.692637178,,,
1027,761,855.833,94.8333,88.91921672,,0.322771159,,,
1169,862,974.167,112.167,88.48585509,,0.018162388,,,
1114,824,928.333,104.333,88.7612527,,0.168235743,,,
1048,798,873.333,75.3333,91.37408068,,9.138489623,,,
1034,748,861.667,113.667,86.80847706,,2.379646023,,,
1076,789,896.667,107.667,87.99253234,,0.128561577,,,
1121,824,934.167,110.167,88.2069266,,0.020782276,,,
1136,829,946.667,117.667,87.5703917,,0.609485447,,,
1044,765,870,105,87.93103448,,0.176444277,,,
1165,875,970.833,95.8333,90.12878631,,3.160214162,,,
1191,879,992.5,113.5,88.56423174,,0.045430598,,,
1059,778,882.5,104.5,88.15864023,,0.037035834,,,
1028,741,856.667,115.667,86.49802082,,3.433854979,,,
1109,797,924.167,127.167,86.23982462,,4.457429638,,,
1003,726,835.833,109.833,86.85945637,,2.224962489,,,
1034,761,861.667,100.667,88.31718053,,0.001149661,,,
1050,774,875,101,88.45714286,,0.011247805,,,
1124,827,936.667,109.667,88.29178353,,0.003516925,,,
1040,769,866.667,97.6667,88.7307351,,0.144132538,,,
1047,777,872.5,95.5,89.05444126,,0.494706949,,,
1083,802,902.5,100.5,88.86426593,,0.263352417,,,
1113,819,927.5,108.5,88.30188679,,0.002420679,,,
1145,845,954.167,109.167,88.55892103,,0.043194904,,,
1140,824,950,126,86.73684211,,2.605787194,,,
1091,793,909.167,116.167,87.22269946,,1.273258869,,,
1111,817,925.833,108.833,88.24485625,,0.011285012,,,
1045,777,870.833,93.8333,89.22491454,,0.76357423,,,
1124,840,936.667,96.6667,89.67968339,,1.765167857,,,
1008,730,840,110,86.9047619,,2.091856831,,,
1072,798,893.333,95.3333,89.32839154,,0.955123793,,,
1022,754,851.667,97.6667,88.53225498,,0.032821767,,,
1060,763,883.333,120.333,86.37739109,,3.895476312,,,
1044,769,870,101,88.3908046,,0.001577472,,,
1041,769,867.5,98.5,88.64553314,,0.086698418,,,
1049,759,874.167,115.167,86.82551503,,2.327370406,,,
1012,751,843.333,92.3333,89.0514186,,0.49046408,,,
1064,771,886.667,115.667,86.95485453,,1.949465646,,,
1114,819,928.333,109.333,88.22265286,,0.016495376,,,
1029,761,857.5,96.5,88.74635569,,0.156237183,,,
1135,832,945.833,113.833,87.96478871,,0.149226516,,,
1136,823,946.667,123.667,86.93658911,,2.000804827,,,
1138,832,948.333,116.333,87.73289551,,0.38216095,,,
1140,854,950,96,89.89473684,,2.382854248,,,
1078,803,898.333,95.3333,89.38778827,,1.074749129,,,
1096,800,913.333,113.333,87.59127284,,0.577317841,,,
1096,799,913.333,114.333,87.48178375,,0.755688466,,,
1029,752,857.5,105.5,87.696793,,0.428100883,,,
1129,841,940.833,99.8333,89.38887135,,1.076995965,,,
1094,792,911.667,119.667,86.87382564,,2.182301686,,,
1066,796,888.333,92.3333,89.60603738,,1.574899968,,,
1140,857,950,93,90.21052632,,3.457513863,,,
1105,817,920.833,103.833,88.72401402,,0.139074419,,,
1086,804,905,101,88.83977901,,0.238819691,,,
1026,762,855,93,89.12280702,,0.595551492,,,
1073,786,894.167,108.167,87.90304272,,0.200743847,,,
1089,814,907.5,93.5,89.6969697,,1.811399723,,,
1115,825,929.167,104.167,88.78920582,,0.19194793,,,
1047,756,872.5,116.5,86.64756447,,2.901989658,,,
1064,785,886.667,101.667,88.5338013,,0.033384447,,,
1085,802,904.167,102.167,88.70042813,,0.122039092,,,
1151,844,959.167,115.167,87.99301894,,0.12821287,,,
1101,817,917.5,100.5,89.04632153,,0.483350782,,,
1145,841,954.167,113.167,88.1397072,,0.0446815,,,
1073,808,894.167,86.1667,90.36343323,,4.04953658,,,
1068,782,890,108,87.86516854,,0.236116935,,,
1082,777,901.667,124.667,86.17372045,,4.740925906,,,
1049,772,874.167,102.167,88.31264507,,0.001477797,,,
1049,779,874.167,95.1667,89.11340739,,0.581132091,,,
1118,825,931.667,106.667,88.55095222,,0.039946029,,,
1012,732,843.333,111.333,86.79845328,,2.410672058,,,
1064,797,886.667,89.6667,89.88718425,,2.359594187,,,
1129,833,940.833,107.833,88.53856104,,0.035146445,,,
1072,773,893.333,120.333,86.52988303,,3.31678458,,,
1146,833,955,122,87.22513089,,1.267777589,,,
1026,771,855,84,90.1754386,,3.328258054,,,
1095,795,912.5,117.5,87.12328767,,1.507491658,,,
1075,782,895.833,113.833,87.29305574,,1.119430556,,,
1032,767,860,93,89.18604651,,0.697157069,,,
1094,790,911.667,121.667,86.65444729,,2.878586941,,,
1105,818,920.833,102.833,88.83261134,,0.231865509,,,
1137,839,947.5,108.5,88.54881266,,0.039095363,,,
1079,808,899.167,91.1667,89.86094908,,2.279682922,,,
1157,840,964.167,124.167,87.12183678,,1.511056577,,,
1099,809,915.833,106.833,88.33488201,,0.000262608,,,
1079,828,899.167,71.1667,92.08523,,13.9438225,,,
1099,820,915.833,95.8333,89.53597435,,1.40395759,,,
1051,781,875.833,94.8333,89.17225087,,0.674309796,,,
1086,805,905,100,88.95027624,,0.359027521,,,
1060,804,883.333,79.3333,91.01890227,,7.117237308,,,
1074,786,895,109,87.82122905,,0.280749648,,,
1031,769,859.167,90.1667,89.5052999,,1.332206982,,,
1172,873,976.667,103.667,89.38563502,,1.070289217,,,
1047,771,872.5,101.5,88.36676218,,0.000245705,,,
1138,821,948.333,127.333,86.5729654,,3.161717088,,,
1167,856,972.5,116.5,88.02056555,,0.109244553,,,
1118,811,931.667,120.667,87.04826939,,1.697334214,,,
1095,796,912.5,116.5,87.23287671,,1.250394672,,,
1090,805,908.333,103.333,88.62388573,,0.074419045,,,
1135,829,945.833,116.833,87.64760798,,0.494882997,,,
1113,821,927.5,106.5,88.51752022,,0.027699952,,,
1088,782,906.667,124.667,86.24996829,,4.41470063,,,
1084,789,903.333,114.333,87.34320566,,1.015825175,,,
1059,763,882.5,119.5,86.45892351,,3.580283382,,,
1005,756,837.5,81.5,90.26865672,,3.677072889,,,
1219,904,1015.83,111.833,88.99126822,,0.409831756,,,
1008,742,840,98,88.33333333,,0.000315199,,,
1209,879,1007.5,128.5,87.24565757,,1.221974649,,,
1048,768,873.333,105.333,87.93896486,,0.169844813,,,
1066,787,888.333,101.333,88.59290379,,0.058475267,,,
1099,792,915.833,123.833,86.4786484,,3.506027023,,,
1122,822,935,113,87.9144385,,0.190662076,,,
1055,768,879.167,111.167,87.35541712,,0.991358895,,,
1052,778,876.667,98.6667,88.7452134,,0.155335473,,,
1088,794,906.667,112.667,87.57349722,,0.604646168,,,
1116,810,930,120,87.09677419,,1.573301093,,,
1086,811,905,94,89.61325967,,1.593079366,,,
1068,797,890,93,89.5505618,,1.438739335,,,
1102,821,918.333,97.3333,89.40112138,,1.1025718,,,
1032,740,860,120,86.04651163,,5.311068521,,,
1082,787,901.667,114.667,87.28277734,,1.141285926,,,
1068,780,890,110,87.64044944,,0.505006014,,,
1124,825,936.667,111.667,88.07826047,,0.074434419,,,
1106,821,921.667,100.667,89.07772547,,0.528003189,,,
1029,737,857.5,120.5,85.94752187,,5.777126267,,,
1144,848,953.333,105.333,88.95108005,,0.359991435,,,
1006,736,838.333,102.333,87.79327546,,0.311153921,,,
1097,814,914.167,100.167,89.04281165,,0.478482732,,,
1124,829,936.667,107.667,88.50530658,,0.023783621,,,
1048,789,873.333,84.3333,90.34354593,,3.969891841,,,
1067,788,889.167,101.167,88.62227231,,0.073541367,,,
1031,749,859.167,110.167,87.17746375,,1.377391973,,,
1020,742,850,108,87.29411765,,1.117184615,,,
1043,772,869.167,97.1667,88.82067543,,0.220513114,,,
1156,841,963.333,122.333,87.30106827,,1.102539732,,,
1082,799,901.667,102.667,88.61364561,,0.068936926,,,
1017,757,847.5,90.5,89.32153392,,0.941766862,,,
1068,777,890,113,87.30337079,,1.097709662,,,
1062,779,885,106,88.02259887,,0.107904576,,,
1099,826,915.833,89.8333,90.19111563,,3.385704657,,,
1127,815,939.167,124.167,86.77902865,,2.471368054,,,
1116,807,930,123,86.77419355,,2.486593557,,,
1166,872,971.667,99.6667,89.74267933,,1.936528694,,,
1094,798,911.667,113.667,87.53196068,,0.670968234,,,
1064,796,886.667,90.6667,89.77440234,,2.025826018,,,
1184,876,986.667,110.667,88.78375379,,0.187200386,,,
1152,868,960,92,90.41666667,,4.266618574,,,
1129,830,940.833,110.833,88.21969467,,0.017263993,,,
1100,825,916.667,91.6667,89.99996727,,2.718805527,,,
1060,768,883.333,115.333,86.94342904,,1.981501481,,,
1003,742,835.833,93.8333,88.77371437,,0.17861373,,,
1161,844,967.5,123.5,87.23514212,,1.245333402,,,
1098,822,915,93,89.83606557,,2.2051608,,,
1072,792,893.333,101.333,88.6567495,,0.093429447,,,
1099,822,915.833,93.8333,89.75435478,,1.969159925,,,
1060,795,883.333,88.3333,90.00003396,,2.719025458,,,
1105,821,920.833,99.8333,89.15840332,,0.651759326,,,
1021,736,850.833,114.833,86.5034619,,3.413719207,,,
1030,756,858.333,102.333,88.07770411,,0.07473831,,,
1047,750,872.5,122.5,85.95988539,,5.717846064,,,
1079,803,899.167,96.1667,89.30487885,,0.909718529,,,
1110,798,925,127,86.27027027,,4.329799053,,,
1171,867,975.833,108.833,88.84716955,,0.246097704,,,
1136,851,946.667,95.6667,89.89433454,,2.381612396,,,
1040,763,866.667,103.667,88.03842768,,0.097755971,,,
1040,761,866.667,105.667,87.80765854,,0.295314703,,,
1153,851,960.833,109.833,88.56898129,,0.047477839,,,
1132,833,943.333,110.333,88.30391813,,0.00222492,,,
1072,780,893.333,113.333,87.31346542,,1.076658947,,,
1043,773,869.167,96.1667,88.93572812,,0.341805013,,,
1029,764,857.5,93.5,89.09620991,,0.555207872,,,
1053,785,877.5,92.5,89.45868946,,1.226782786,,,
1051,766,875.833,109.833,87.45959561,,0.794757241,,,
1053,771,877.5,106.5,87.86324786,,0.237987209,,,
1023,759,852.5,93.5,89.03225806,,0.46399376,,,
1086,811,905,94,89.61325967,,1.593079366,,,
1060,779,883.333,104.333,88.18871252,,0.026365532,,,
1052,767,876.667,109.667,87.49046103,,0.740677387,,,
1055,775,879.167,104.167,88.15162535,,0.039785027,,,
1113,817,927.5,110.5,88.08625337,,0.070136953,,,
1129,819,940.833,121.833,87.050518,,1.691480222,,,
1115,810,929.167,119.167,87.17485662,,1.383518356,,,
1074,798,895,97,89.16201117,,0.657597707,,,
1120,792,933.333,141.333,84.85717316,,12.20743523,,,
1059,788,882.5,94.5,89.2917847,,0.88491181,,,
1165,857,970.833,113.833,88.27470842,,0.005833716,,,
1029,748,857.5,109.5,87.2303207,,1.256117526,,,
1082,785,901.667,116.667,87.06096597,,1.664412772,,,
1006,713,838.333,125.333,85.04973561,,10.89892228,,,
1008,737,840,103,87.73809524,,0.375759133,,,
1152,847,960,113,88.22916667,,0.014864614,,,
1099,804,915.833,111.833,87.78893095,,0.316019637,,,
1038,759,865,106,87.74566474,,0.366536343,,,
1063,788,885.833,97.8333,88.95581899,,0.365700545,,,
1000,744,833.333,89.3333,89.28003571,,0.862945357,,,
1124,826,936.667,110.667,88.185022,,0.027577648,,,
1115,816,929.167,113.167,87.8205963,,0.281420587,,,
1003,748,835.833,87.8333,89.49156111,,1.30068077,,,
1156,877,963.333,86.3333,91.03809378,,7.220004441,,,
1074,790,895,105,88.26815642,,0.006877512,,,
1053,781,877.5,96.5,89.002849,,0.424793461,,,
1057,763,880.833,117.833,86.62254934,,2.98784311,,,
1097,812,914.167,102.167,88.82403325,,0.223677971,,,
1069,790,890.833,100.833,88.68104347,,0.108871149,,,
1144,832,953.333,121.333,87.27275779,,1.1627943,,,
1079,802,899.167,97.1667,89.1936648,,0.709937034,,,
1104,799,920,121,86.84782609,,2.259793944,,,
1087,801,905.833,104.833,88.42689547,,0.005746895,,,
1102,805,918.333,113.333,87.658834,,0.479214485,,,
1090,823,908.333,85.3333,90.60553784,,5.082547719,,,
1024,752,853.333,101.333,88.12503442,,0.051099853,,,
1080,813,900,87,90.33333333,,3.929299773,,,
1111,826,925.833,99.8333,89.21695381,,0.74972501,,,
1074,785,895,110,87.70949721,,0.411637707,,,
1034,755,861.667,106.667,87.62085585,,0.533237806,,,
1081,808,900.833,92.8333,89.69476029,,1.805457411,,,
1072,800,893.333,93.3333,89.55227222,,1.442845479,,,
1129,840,940.833,100.833,89.28258256,,0.867683629,,,
1116,819,930,111,88.06451613,,0.082122973,,,
1088,795,906.667,111.667,87.68379129,,0.445283815,,,
1140,850,950,100,89.47368421,,1.26022407,,,
1018,753,848.333,95.3333,88.76231386,,0.16910737,,,
1159,870,965.833,95.8333,90.07768424,,2.981137364,,,
1145,836,954.167,118.167,87.61568992,,0.540809151,,,
1013,747,844.167,97.1667,88.48959981,,0.019185745,,,
1145,841,954.167,113.167,88.1397072,,0.0446815,,,
1111,809,925.833,116.833,87.38076953,,0.941516353,,,
1138,854,948.333,94.3333,90.05275573,,2.895675821,,,
1119,819,932.5,113.5,87.82841823,,0.273182841,,,
1088,804,906.667,102.667,88.67643799,,0.105853141,,,
1034,776,861.667,85.6667,90.05799224,,2.913524852,,,
1127,817,939.167,122.167,86.99198332,,1.847163326,,,
1068,784,890,106,88.08988764,,0.068225205,,,
1066,782,888.333,106.333,88.03005179,,0.103063726,,,
1129,844,940.833,96.8333,89.70773772,,1.840500654,,,
1085,799,904.167,105.167,88.36863102,,0.000307786,,,
1114,803,928.333,125.333,86.49913339,,3.429732867,,,
1082,789,901.667,112.667,87.50458872,,0.716559655,,,
1099,811,915.833,104.833,88.55326244,,0.040874832,,,
1068,790,890,100,88.76404494,,0.170534106,,,
1012,757,843.333,86.3333,89.76288133,,1.993162691,,,
1073,808,894.167,86.1667,90.36343323,,4.04953658,,,
1113,818,927.5,109.5,88.19407008,,0.024654373,,,
1099,815,915.833,100.833,88.99002329,,0.40823934,,,
1068,785,890,105,88.20224719,,0.022153345,,,
1053,777,877.5,100.5,88.54700855,,0.038385178,,,
1112,817,926.667,109.667,88.16543591,,0.034466397,,,
1131,821,942.5,121.5,87.10875332,,1.543393455,,,
1118,839,931.667,92.6667,90.05363504,,2.898669193,,,
1181,872,984.167,112.167,88.60284891,,0.063383962,,,
1041,765,867.5,102.5,88.18443804,,0.027771939,,,
1076,776,896.667,120.667,86.54271876,,3.270196388,,,
1114,843,928.333,85.3333,90.80793207,,6.036086752,,,
1115,811,929.167,118.167,87.2824799,,1.141921543,,,
1078,805,898.333,93.3333,89.61042286,,1.585926332,,,
1103,822,919.167,97.1667,89.42879803,,1.161460657,,,
1112,815,926.667,111.667,87.94960865,,0.161185017,,,
1135,839,945.833,106.833,88.70487708,,0.125167284,,,
1016,742,846.667,104.667,87.63776077,,0.508834578,,,
1103,804,919.167,115.167,87.47050318,,0.775428192,,,
1084,815,903.333,88.3333,90.22143551,,3.498202823,,,
1077,795,897.5,102.5,88.57938719,,0.052120888,,,
1130,834,941.667,107.667,88.56634033,,0.046333914,,,
1005,748,837.5,89.5,89.31343284,,0.926109142,,,
1126,842,938.333,96.3333,89.73360204,,1.911347302,,,
1092,798,910,112,87.69230769,,0.433990427,,,
1122,813,935,122,86.95187166,,1.957804106,,,
1122,824,935,111,88.12834225,,0.04961531,,,
1067,777,889.167,112.167,87.38515937,,0.933016557,,,
1104,814,920,106,88.47826087,,0.016173145,,,
1110,821,925,104,88.75675676,,0.164567797,,,
1086,800,905,105,88.39779006,,0.002181158,,,
1163,847,969.167,122.167,87.3946389,,0.914793329,,,
1073,784,894.167,110.167,87.67937086,,0.451202834,,,
1115,835,929.167,94.1667,89.86543861,,2.293260233,,,
1018,726,848.333,122.333,85.57960141,,7.681133448,,,
1137,843,947.5,104.5,88.97097625,,0.384262451,,,
1072,816,893.333,77.3333,91.34331767,,8.953443218,,,
1060,793,883.333,90.3333,89.77361878,,2.023596132,,,
1075,805,895.833,90.8333,89.86049855,,2.278322662,,,
1044,762,870,108,87.5862069,,0.585041863,,,
1028,769,856.667,87.6667,89.76650204,,2.003399187,,,
1140,818,950,132,86.10526316,,5.043725583,,,
1145,861,954.167,93.1667,90.23577634,,3.55205318,,,
1072,789,893.333,104.333,88.32092848,,0.000909548,,,
1052,772,876.667,104.667,88.06080302,,0.0842649,,,
1102,820,918.333,98.3333,89.29222842,,0.885746811,,,
1114,830,928.333,98.3333,89.4075725,,1.116161207,,,
1083,790,902.5,112.5,87.53462604,,0.666608811,,,
1087,805,905.833,100.833,88.86847796,,0.267693214,,,
1100,796,916.667,120.667,86.83633206,,2.294483105,,,
1116,835,930,95,89.78494624,,2.055951765,,,
1091,814,909.167,95.1667,89.53250613,,1.39575071,,,
1030,758,858.333,100.333,88.31071391,,0.001630002,,,
1157,828,964.167,136.167,85.87723911,,6.119924328,,,
1083,802,902.5,100.5,88.86426593,,0.263352417,,,
1056,768,880,112,87.27272727,,1.162860111,,,
1056,785,880,95,89.20454545,,0.728391009,,,
1091,788,909.167,121.167,86.67274549,,2.816830858,,,
1013,738,844.167,106.167,87.42346005,,0.860492111,,,
1088,816,906.667,90.6667,89.99996691,,2.718804337,,,
1155,845,962.5,117.5,87.79220779,,0.312346181,,,
1130,836,941.667,105.667,88.77872964,,0.182878061,,,
1035,756,862.5,106.5,87.65217391,,0.488479769,,,
1126,810,938.333,128.333,86.32329887,,4.111925465,,,
1041,793,867.5,74.5,91.41210375,,9.369822359,,,
1012,753,843.333,90.3333,89.28857284,,0.878879346,,,
1091,808,909.167,101.167,88.87256137,,0.271935317,,,
1111,810,925.833,115.833,87.48878037,,0.743573045,,,
1099,803,915.833,112.833,87.67974074,,0.450706058,,,
1128,817,940,123,86.91489362,,2.062651979,,,
1046,786,871.667,85.6667,90.17204965,,3.315904271,,,
1069,792,890.833,98.8333,88.90555244,,0.307431717,,,
1113,815,927.5,112.5,87.87061995,,0.230848772,,,
1104,816,920,104,88.69565217,,0.118725028,,,
1078,799,898.333,99.3333,88.94251909,,0.34979169,,,
1134,861,945,84,91.11111111,,7.617732045,,,
1117,848,930.833,82.8333,91.10119646,,7.563100971,,,
1014,754,845,91,89.23076923,,0.773840493,,,
1101,798,917.5,119.5,86.97547684,,1.892303837,,,
1111,829,925.833,96.8333,89.54098633,,1.415859971,,,
1076,792,896.667,104.667,88.32710471,,0.000575159,,,
1105,817,920.833,103.833,88.72401402,,0.139074419,,,
1138,848,948.333,100.333,89.42006658,,1.142716936,,,
1010,738,841.667,103.667,87.68313359,,0.446162011,,,
1117,809,930.833,121.833,86.91140086,,2.072696719,,,
1032,763,860,97,88.72093023,,0.136783876,,,
1071,788,892.5,104.5,88.29131653,,0.003572532,,,
1156,840,963.333,123.333,87.19726201,,1.331312555,,,
1063,770,885.833,115.833,86.92383327,,2.037053743,,,
1067,778,889.167,111.167,87.49762418,,0.728399108,,,
1089,811,907.5,96.5,89.36639118,,1.030842201,,,
1135,858,945.833,87.8333,90.71368836,,5.581884275,,,
1025,741,854.167,113.167,86.75118566,,2.559684912,,,
1072,775,893.333,118.333,86.75376371,,2.551442287,,,
1125,839,937.5,98.5,89.49333333,,1.304726252,,,
1015,750,845.833,95.8333,88.66998568,,0.101696249,,,
1098,835,915,80,91.2568306,,8.443344771,,,
1103,814,919.167,105.167,88.55844477,,0.042997164,,,
1057,774,880.833,106.833,87.87136722,,0.230131252,,,
1134,849,945,96,89.84126984,,2.220644334,,,
1060,796,883.333,87.3333,90.11324155,,3.105187996,,,
1146,831,955,124,87.01570681,,1.783240769,,,
1009,740,840.833,100.833,88.00796353,,0.117733845,,,
1083,805,902.5,97.5,89.1966759,,0.715020267,,,
1049,752,874.167,122.167,86.02475271,,5.411832125,,,
1127,837,939.167,102.167,89.12153004,,0.59358218,,,
1096,803,913.333,110.333,87.91974012,,0.186060298,,,
1061,763,884.167,121.167,86.29591469,,4.223734022,,,
1085,799,904.167,105.167,88.36863102,,0.000307786,,,
1067,784,889.167,105.167,88.17241306,,0.031924446,,,
1185,891,987.5,96.5,90.2278481,,3.522231518,,,
1057,774,880.833,106.833,87.87136722,,0.230131252,,,
1138,835,948.333,113.333,88.04924009,,0.091111673,,,
1131,833,942.5,109.5,88.38196286,,0.000953307,,,
1033,762,860.833,98.8333,88.51891133,,0.028164943,,,
1072,799,893.333,94.3333,89.44033188,,1.186453996,,,
1031,750,859.167,109.167,87.29385556,,1.117738719,,,
1016,737,846.667,109.667,87.04720982,,1.700096186,,,
1123,855,935.833,80.8333,91.36245463,,9.068333835,,,
1056,785,880,95,89.20454545,,0.728391009,,,
1138,853,948.333,95.3333,89.94730754,,2.547919401,,,
1085,792,904.167,112.167,87.59443775,,0.57251837,,,
1127,837,939.167,102.167,89.12153004,,0.59358218,,,
1107,838,922.5,84.5,90.8401084,,6.195226589,,,
1037,747,864.167,117.167,86.44162529,,3.646044756,,,
1092,798,910,112,87.69230769,,0.433990427,,,
1061,769,884.167,115.167,86.97451952,,1.894938551,,,
1050,763,875,112,87.2,,1.325001719,,,
1143,844,952.5,108.5,88.60892388,,0.066479761,,,
1098,822,915,93,89.83606557,,2.2051608,,,
1193,880,994.167,114.167,88.51631567,,0.02730045,,,
1100,815,916.667,101.667,88.90905858,,0.31133207,,,
1092,803,910,107,88.24175824,,0.011952819,,,
1048,763,873.333,110.333,87.36644556,,0.96951914,,,
1131,857,942.5,85.5,90.92838196,,6.642448346,,,
1163,866,969.167,103.167,89.35508535,,1.008012298,,,
1098,841,915,74,91.91256831,,12.68414774,,,
1188,880,990,110,88.88888889,,0.289230667,,,
1145,861,954.167,93.1667,90.23577634,,3.55205318,,,
1085,808,904.167,96.1667,89.36402235,,1.026037647,,,
1121,840,934.167,94.1667,89.91968246,,2.460491106,,,
1056,779,880,101,88.52272727,,0.029460318,,,
1059,797,882.5,85.5,90.31161473,,3.843668239,,,
1097,812,914.167,102.167,88.82403325,,0.223677971,,,
1101,805,917.5,112.5,87.73841962,,0.375361553,,,
1062,787,885,98,88.92655367,,0.331161672,,,
1131,825,942.5,117.5,87.5331565,,0.669010616,,,
1008,739,840,101,87.97619048,,0.140547546,,,
1069,784,890.833,106.833,88.00751656,,0.118040778,,,
1099,794,915.833,121.833,86.69702883,,2.735909074,,,
1062,794,885,91,89.71751412,,1.867122567,,,
1140,837,950,113,88.10526316,,0.060429455,,,
1098,811,915,104,88.63387978,,0.07997165,,,
1085,825,904.167,79.1667,91.24420599,,8.370136408,,,
1074,780,895,115,87.15083799,,1.440598145,,,
1041,766,867.5,101.5,88.29971182,,0.002639429,,,
1071,784,892.5,108.5,87.84313725,,0.258013137,,,
1127,841,939.167,98.1667,89.54743938,,1.431258562,,,
1074,776,895,119,86.70391061,,2.713190671,,,
1048,751,873.333,122.333,85.99239923,,5.563408875,,,
1110,817,925,108,88.32432432,,0.000716251,,,
1042,779,868.333,89.3333,89.71212657,,1.852428191,,,
1074,798,895,97,89.16201117,,0.657597707,,,
1084,802,903.333,101.333,88.78232058,,0.18596224,,,
1106,826,921.667,95.6667,89.62022075,,1.610699999,,,
1061,772,884.167,112.167,87.31382194,,1.075919206,,,
1055,777,879.167,102.167,88.37911341,,0.000785469,,,
1040,751,866.667,115.667,86.65381283,,2.880740269,,,
1094,810,911.667,101.667,88.84823077,,0.247151738,,,
1075,795,895.833,100.833,88.74421907,,0.154552673,,,
1146,845,955,110,88.48167539,,0.017053279,,,
1023,753,852.5,99.5,88.32844575,,0.000512635,,,
1082,795,901.667,106.667,88.17002286,,0.032784292,,,
1141,832,950.833,118.833,87.50222174,,0.720572559,,,
1138,854,948.333,94.3333,90.05275573,,2.895675821,,,
1088,808,906.667,98.6667,89.11761429,,0.587563803,,,
1059,768,882.5,114.5,87.02549575,,1.757192664,,,
1129,825,940.833,115.833,87.68825073,,0.439352171,,,
1122,818,935,117,87.48663102,,0.747284477,,,
1057,777,880.833,103.833,88.21195391,,0.019358069,,,
1142,841,951.667,110.667,88.37124751,,0.000406438,,,
1038,766,865,99,88.55491329,,0.041545081,,,
1136,851,946.667,95.6667,89.89433454,,2.381612396,,,
1089,800,907.5,107.5,88.15426997,,0.038737017,,,
1094,803,911.667,108.667,88.08040655,,0.073268008,,,
1072,791,893.333,102.333,88.54480916,,0.037528201,,,
1098,802,915,113,87.65027322,,0.491140215,,,
1027,755,855.833,100.833,88.21814536,,0.01767353,,,
1095,800,912.5,112.5,87.67123288,,0.462201887,,,
1008,725,840,115,86.30952381,,4.167981037,,,
1141,845,950.833,105.833,88.86944395,,0.268693731,,,
1095,813,912.5,99.5,89.09589041,,0.554731838,,,
1120,836,933.333,97.3333,89.57146056,,1.489311165,,,
1082,799,901.667,102.667,88.61364561,,0.068936926,,,
1040,768,866.667,98.6667,88.61535053,,0.069835114,,,
1047,769,872.5,103.5,88.13753582,,0.045604189,,,
1016,760,846.667,86.6667,89.76374419,,1.995599793,,,
1070,805,891.667,86.6667,90.28034008,,3.722016722,,,
1103,805,919.167,114.167,87.57929734,,0.595659569,,,
1156,851,963.333,112.333,88.33913091,,0.000142953,,,
1152,854,960,106,88.95833333,,0.368747879,,,
1099,815,915.833,100.833,88.99002329,,0.40823934,,,
1031,755,859.167,104.167,87.8758146,,0.225884038,,,
1086,809,905,96,89.39226519,,1.084051635,,,
1052,773,876.667,103.667,88.17487142,,0.031051999,,,
1087,809,905.833,96.8333,89.31006046,,0.91962974,,,
1099,810,915.833,105.833,88.44407223,,0.008646217,,,
1025,758,854.167,96.1667,88.74142878,,0.15236656,,,
1101,813,917.5,104.5,88.61035422,,0.067219395,,,
1083,802,902.5,100.5,88.86426593,,0.263352417,,,
1089,806,907.5,101.5,88.815427,,0.215611457,,,
1139,848,949.167,101.167,89.34149628,,0.980910166,,,
1121,825,934.167,109.167,88.31397384,,0.001377401,,,
1080,793,900,107,88.11111111,,0.057588518,,,
1072,778,893.333,115.333,87.08958473,,1.591388444,,,
1025,743,854.167,111.167,86.98533191,,1.86528749,,,
1058,771,881.667,110.667,87.44798206,,0.815598874,,,
1011,737,842.5,105.5,87.47774481,,0.762726918,,,
1057,776,880.833,104.833,88.09842501,,0.063838175,,,
1108,801,923.333,122.333,86.75093385,,2.560490727,,,
1094,808,911.667,103.667,88.62885242,,0.077153523,,,
1057,782,880.833,98.8333,88.7795984,,0.18362186,,,
1045,770,870.833,100.833,88.42108648,,0.0048999,,,
1079,787,899.167,112.167,87.52545411,,0.681669975,,,
1162,875,968.333,93.3333,90.36147689,,4.04166674,,,
1108,815,923.333,108.333,88.26717988,,0.007040437,,,
1124,838,936.667,98.6667,89.46616033,,1.243388113,,,
1057,765,880.833,115.833,86.84960713,,2.254442361,,,
1091,805,909.167,104.167,88.54258899,,0.036672938,,,
1141,869,950.833,81.8333,91.3935465,,9.256558658,,,
1046,767,871.667,104.667,87.99231817,,0.128715212,,,
1060,785,883.333,98.3333,88.86795806,,0.2671555,,,
1082,799,901.667,102.667,88.61364561,,0.068936926,,,
1071,799,892.5,93.5,89.52380952,,1.375277672,,,
1090,820,908.333,88.3333,90.27526249,,3.702450571,,,
1119,824,932.5,108.5,88.36461126,,0.0001829,,,
1144,842,953.333,111.333,88.3217092,,0.000863066,,,
1056,772,880,108,87.72727273,,0.389144484,,,
1073,799,894.167,95.1667,89.35690984,,1.011679201,,,
1158,860,965,105,89.11917098,,0.589952715,,,
1012,746,843.333,97.3333,88.45853299,,0.011544599,,,
1092,800,910,110,87.91208791,,0.192720366,,,
1102,813,918.333,105.333,88.52997769,,0.03200181,,,
1086,786,905,119,86.85082873,,2.250775449,,,
1107,811,922.5,111.5,87.91327913,,0.191675895,,,
1027,752,855.833,103.833,87.86760969,,0.233750497,,,
1111,808,925.833,117.833,87.27275869,,1.162792345,,,
1031,760,859.167,99.1667,88.45777363,,0.011381997,,,
1087,803,905.833,102.833,88.64768671,,0.087971278,,,
1091,790,909.167,119.167,86.89272708,,2.126814214,,,
1094,809,911.667,102.667,88.73854159,,0.150120916,,,
1136,839,946.667,107.667,88.62672936,,0.075978604,,,
1098,800,915,115,87.43169399,,0.845283858,,,
1120,796,933.333,137.333,85.28574474,,9.396324306,,,
1088,786,906.667,120.667,86.6911446,,2.755409406,,,
1156,865,963.333,98.3333,89.79241861,,2.077436272,,,
1147,863,955.833,92.8333,90.28773855,,3.750618484,,,
1071,794,892.5,98.5,88.96358543,,0.375154099,,,
1079,789,899.167,110.167,87.74788221,,0.363856252,,,
1119,834,932.5,98.5,89.43699732,,1.179200808,,,
1106,811,921.667,110.667,87.9927349,,0.128416361,,,
1018,729,848.333,119.333,85.93323612,,5.846003782,,,
1089,815,907.5,92.5,89.80716253,,2.120155409,,,
1099,810,915.833,105.833,88.44407223,,0.008646217,,,
1071,779,892.5,113.5,87.28291317,,1.140995747,,,
1100,799,916.667,117.667,87.16360467,,1.410114741,,,
1127,830,939.167,109.167,88.37618869,,0.000630085,,,
1067,791,889.167,98.1667,88.95966674,,0.370369074,,,
1024,764,853.333,89.3333,89.53128497,,1.392866807,,,
1157,843,964.167,121.167,87.43298619,,0.842909438,,,
1189,876,990.833,114.833,88.41045867,,0.003524973,,,
1064,796,886.667,90.6667,89.77440234,,2.025826018,,,
1153,833,960.833,127.833,86.69560683,,2.740615213,,,
1078,801,898.333,97.3333,89.16515368,,0.662704249,,,
1019,752,849.167,97.1667,88.55737446,,0.042554439,,,
1119,846,932.5,86.5,90.72386059,,5.630053607,,,
1113,809,927.5,118.5,87.22371968,,1.27095751,,,
1117,824,930.833,106.833,88.52286071,,0.029506141,,,
1059,804,882.5,78.5,91.10481586,,7.58302161,,,
1048,771,873.333,102.333,88.28247644,,0.004707435,,,
1104,802,920,118,87.17391304,,1.385738971,,,
1055,786,879.167,93.1667,89.40280971,,1.106120249,,,
1107,819,922.5,103.5,88.7804878,,0.184384888,,,
1063,781,885.833,104.833,88.16560232,,0.034404637,,,
1084,793,903.333,110.333,87.78601025,,0.319311945,,,
1104,839,920,81,91.19565217,,8.091549948,,,
1111,820,925.833,105.833,88.56888877,,0.04743753,,,
1052,764,876.667,112.667,87.14825584,,1.446803263,,,
1180,874,983.333,109.333,88.88138606,,0.281216893,,,
1034,775,861.667,86.6667,89.94193813,,2.530806703,,,
1094,797,911.667,114.667,87.42227151,,0.862698569,,,
1016,749,846.667,97.6667,88.4645321,,0.012869748,,,
1138,840,948.333,108.333,88.57648105,,0.05080239,,,
1059,787,882.5,95.5,89.17847025,,0.684562736,,,
1047,765,872.5,107.5,87.67908309,,0.451589504,,,
1121,817,934.167,117.167,87.45759591,,0.798326664,,,
1128,838,940,102,89.14893617,,0.636562995,,,
1145,822,954.167,132.167,86.14844152,,4.851647947,,,
1083,790,902.5,112.5,87.53462604,,0.666608811,,,
1151,837,959.167,122.167,87.26321902,,1.18345715,,,
1065,801,887.5,86.5,90.25352113,,3.619254884,,,
1002,728,835,107,87.18562874,,1.358293393,,,
1090,811,908.333,97.3333,89.28443643,,0.871140812,,,
1083,787,902.5,115.5,87.20221607,,1.319904858,,,
1071,774,892.5,118.5,86.72268908,,2.651680419,,,
1077,804,897.5,93.5,89.5821727,,1.515571538,,,
1088,767,906.667,139.667,84.59555713,,14.104006,,,
1091,803,909.167,106.167,88.3226074,,0.000811099,,,
1043,780,869.167,89.1667,89.74109694,,1.932127092,,,
1150,846,958.333,112.333,88.27829158,,0.005299202,,,
1000,731,833.333,102.333,87.72003509,,0.398226755,,,
1135,860,945.833,85.8333,90.92514218,,6.625759072,,,
1114,830,928.333,98.3333,89.4075725,,1.116161207,,,
1040,763,866.667,103.667,88.03842768,,0.097755971,,,
1134,831,945,114,87.93650794,,0.171875957,,,
1089,799,907.5,108.5,88.04407713,,0.094255174,,,
1124,843,936.667,93.6667,89.99996797,,2.718807832,,,
1082,781,901.667,120.667,86.61734321,,3.005868189,,,
1132,839,943.333,104.333,88.93996076,,0.346772077,,,
1099,827,915.833,88.8333,90.30030584,,3.799453352,,,
1056,795,880,85,90.34090909,,3.959391197,,,
1050,773,875,102,88.34285714,,6.77337E-05,,,
1145,853,954.167,101.167,89.39734868,,1.09466311,,,
1101,812,917.5,105.5,88.5013624,,0.022582638,,,
1072,791,893.333,102.333,88.54480916,,0.037528201,,,
1073,782,894.167,112.167,87.45569899,,0.801720026,,,
1124,831,936.667,105.667,88.71882964,,0.135234508,,,
1081,805,900.833,95.8333,89.36173519,,1.021409388,,,
1106,807,921.667,114.667,87.55873868,,0.627816166,,,
1050,760,875,115,86.85714286,,2.23186967,,,
1072,774,893.333,119.333,86.64182337,,2.921582793,,,
1083,784,902.5,118.5,86.86980609,,2.194193685,,,
1036,760,863.333,103.333,88.03092202,,0.102505736,,,
1046,762,871.667,109.667,87.41870462,,0.869337257,,,
1028,755,856.667,101.667,88.13226143,,0.047884714,,,
1118,831,931.667,100.667,89.19495914,,0.712119873,,,
1085,800,904.167,104.167,88.47923005,,0.016420594,,,
1096,806,913.333,107.333,88.24820739,,0.010584253,,,
1096,805,913.333,108.333,88.1387183,,0.045100546,,,
1117,823,930.833,107.833,88.41543005,,0.004140004,,,
1093,796,910.833,114.833,87.3925297,,0.918832471,,,
1067,785,889.167,104.167,88.28487787,,0.004383674,,,
1042,757,868.333,111.333,87.17853634,,1.374875484,,,
1089,802,907.5,105.5,88.37465565,,0.000555472,,,
1069,789,890.833,101.833,88.56878899,,0.047394073,,,
1138,831,948.333,117.333,87.62744732,,0.52365466,,,
1101,816,917.5,101.5,88.9373297,,0.343680281,,,
1089,795,907.5,112.5,87.60330579,,0.559177029,,,
1093,793,910.833,117.833,87.06316086,,1.658754219,,,
1048,779,873.333,94.3333,89.19850733,,0.71812089,,,
1124,827,936.667,109.667,88.29178353,,0.003516925,,,
1085,796,904.167,108.167,88.0368339,,0.098755128,,,
1069,779,890.833,111.833,87.44624413,,0.818740957,,,
1106,810,921.667,111.667,87.88423585,,0.217950177,,,
1120,819,933.333,114.333,87.75003134,,0.361268136,,,
1088,794,906.667,112.667,87.57349722,,0.604646168,,,
1079,786,899.167,113.167,87.41424007,,0.877682528,,,
1069,795,890.833,95.8333,89.2423159,,0.794288613,,,
1165,861,970.833,109.833,88.68672573,,0.112653229,,,
1041,781,867.5,86.5,90.02881844,,2.81478216,,,
1115,823,929.167,106.167,88.57395926,,0.049671958,,,
1107,815,922.5,107.5,88.34688347,,1.76713E-05,,,
1129,840,940.833,100.833,89.28258256,,0.867683629,,,
1060,794,883.333,89.3333,89.88682637,,2.358494836,,,
1053,771,877.5,106.5,87.86324786,,0.237987209,,,
1037,773,864.167,91.1667,89.45030301,,1.208275416,,,
1094,833,911.667,78.6667,91.37108177,,9.120367237,,,
1051,777,875.833,98.8333,88.7155428,,0.132827894,,,
1085,785,904.167,119.167,86.82024449,,2.343479371,,,
1106,804,921.667,117.667,87.23324151,,1.249578971,,,
1020,772,850,78,90.82352941,,6.11297054,,,
1079,795,899.167,104.167,88.41516648,,0.004106156,,,
1099,817,915.833,98.8333,89.20840372,,0.734991625,,,
1105,828,920.833,92.8333,89.91858459,,2.457048086,,,
1081,801,900.833,99.8333,88.91770173,,0.321052034,,,
1129,829,940.833,111.833,88.11340589,,0.056492402,,,
1103,797,919.167,122.167,86.70894408,,2.696634005,,,
1001,727,834.167,107.167,87.15281233,,1.435862648,,,
1005,751,837.5,86.5,89.67164179,,1.743864454,,,
1093,804,910.833,106.833,88.27084658,,0.006438556,,,
1044,753,870,117,86.55172414,,3.237707393,,,
1081,796,900.833,104.833,88.36265989,,0.000133927,,,
1113,806,927.5,121.5,86.90026954,,2.104871848,,,
1058,797,881.667,84.6667,90.39694125,,4.18551883,,,
1155,870,962.5,92.5,90.38961039,,4.155576835,,,
1026,754,855,101,88.1871345,,0.026880484,,,
1124,833,936.667,103.667,88.93235269,,0.337869585,,,
1033,752,860.833,108.833,87.35724583,,0.987720648,,,
1070,767,891.667,124.667,86.01865943,,5.440219245,,,
1054,764,878.333,114.333,86.98295521,,1.87178511,,,
1075,770,895.833,125.833,85.95352035,,5.748326729,,,
1081,804,900.833,96.8333,89.25072683,,0.809351477,,,
1116,827,930,103,88.92473118,,0.32906743,,,
1108,824,923.333,99.3333,89.24190947,,0.793564341,,,
1083,808,902.5,94.5,89.52908587,,1.387680896,,,
1076,790,896.667,106.667,88.10405647,,0.061024178,,,
1023,766,852.5,86.5,89.85337243,,2.256860954,,,
1011,745,842.5,97.5,88.4272997,,0.005808347,,,
1086,797,905,108,88.06629834,,0.081104688,,,
1119,836,932.5,96.5,89.65147453,,1.691007236,,,
1083,773,902.5,129.5,85.65096953,,7.290635383,,,
1159,873,965.833,92.8333,90.38829694,,4.150223572,,,
1002,737,835,98,88.26347305,,0.007676237,,,
1015,753,845.833,92.8333,89.02466563,,0.453707909,,,
1120,844,933.333,89.3333,90.42860372,,4.316074951,,,
1112,838,926.667,88.6667,90.43162215,,4.328625707,,,
1160,867,966.667,99.6667,89.68962424,,1.791681447,,,
1109,817,924.167,107.167,88.40393565,,0.00279296,,,
1078,793,898.333,105.333,88.27461532,,0.005847948,,,
1111,803,925.833,122.833,86.73270449,,2.61916255,,,
1051,760,875.833,115.833,86.7745335,,2.485521534,,,
1132,838,943.333,105.333,88.83395365,,0.23316002,,,
1073,802,894.167,92.1667,89.69241764,,1.799167364,,,
1094,812,911.667,99.6667,89.06760912,,0.513403671,,,
1046,767,871.667,104.667,87.99231817,,0.128715212,,,
1125,820,937.5,117.5,87.46666667,,0.782199662,,,
1071,786,892.5,106.5,88.06722689,,0.080576669,,,
1110,826,925,99,89.2972973,,0.895313567,,,
1028,745,856.667,111.667,86.96494671,,1.921385441,,,
1055,794,879.167,85.1667,90.31276197,,3.84816793,,,
1098,833,915,82,91.03825137,,7.220851309,,,
1017,728,847.5,119.5,85.89970501,,6.009274569,,,
1114,818,928.333,110.333,88.1149329,,0.055768851,,,
1085,794,904.167,110.167,87.81563583,,0.286708161,,,
1109,789,924.167,135.167,85.37418021,,8.861975181,,,
1177,878,980.833,102.833,89.51574835,,1.356435614,,,
1077,806,897.5,91.5,89.80501393,,2.113902958,,,
1086,784,905,121,86.62983425,,2.962711669,,,
1076,786,896.667,110.667,87.65795998,,0.480425331,,,
1135,822,945.833,123.833,86.90751961,,2.083887344,,,
1110,816,925,109,88.21621622,,0.01819018,,,
1125,840,937.5,97.5,89.6,,1.559783207,,,
1142,834,951.667,117.667,87.6356961,,0.511784412,,,
1105,817,920.833,103.833,88.72401402,,0.139074419,,,
1086,799,905,106,88.28729282,,0.004069722,,,
1057,783,880.833,97.8333,88.8931273,,0.293807482,,,
1101,808,917.5,109.5,88.0653951,,0.081619973,,,
1101,815,917.5,102.5,88.82833787,,0.227768216,,,
1019,733,849.167,116.167,86.31988761,,4.125771744,,,
1147,864,955.833,91.8333,90.39235933,,4.166791969,,,
1101,820,917.5,97.5,89.373297,,1.044912901,,,
1136,836,946.667,110.667,88.30982806,,0.001702316,,,
1089,812,907.5,95.5,89.47658402,,1.266743119,,,
1036,751,863.333,112.333,86.98845057,,1.856778545,,,
1009,733,840.833,107.833,87.17545577,,1.38210924,,,
1064,777,886.667,109.667,87.631546,,0.51773952,,,
1125,828,937.5,109.5,88.32,,0.000966413,,,
1045,763,870.833,107.833,87.61725842,,0.538504666,,,
1107,797,922.5,125.5,86.39566396,,3.823680022,,,
1075,785,895.833,110.833,87.62793958,,0.522942462,,,
1137,848,947.5,99.5,89.49868074,,1.316970953,,,
1183,868,985.833,117.833,88.04736705,,0.092245924,,,
1031,772,859.167,87.1667,89.85447532,,2.260175879,,,
1104,796,920,124,86.52173913,,3.346514323,,,
1138,832,948.333,116.333,87.73289551,,0.38216095,,,
1096,811,913.333,102.333,88.79565285,,0.197638622,,,
1048,757,873.333,116.333,86.6794224,,2.794463181,,,
1085,796,904.167,108.167,88.0368339,,0.098755128,,,
1139,839,949.167,110.167,88.39329644,,0.001781621,,,
1132,838,943.333,105.333,88.83395365,,0.23316002,,,
1127,811,939.167,128.167,86.35311931,,3.991875662,,,
1087,805,905.833,100.833,88.86847796,,0.267693214,,,
1047,780,872.5,92.5,89.3982808,,1.096614462,,,
1129,840,940.833,100.833,89.28258256,,0.867683629,,,
1139,834,949.167,115.167,87.86651875,,0.234806575,,,
1005,744,837.5,93.5,88.8358209,,0.234966765,,,
1175,871,979.167,108.167,88.95316121,,0.362493122,,,
1121,825,934.167,109.167,88.31397384,,0.001377401,,,
1107,821,922.5,101.5,88.99728997,,0.417578037,,,
1070,795,891.667,96.6667,89.15884517,,0.652472961,,,
1066,784,888.333,104.333,88.25519259,,0.009195774,,,
1007,748,839.167,91.1667,89.13601226,,0.616107365,,,
1064,801,886.667,85.6667,90.3383119,,3.94906206,,,
1165,856,970.833,114.833,88.17170409,,0.032178295,,,
1103,821,919.167,98.1667,89.32000387,,0.938799539,,,
1106,807,921.667,114.667,87.55873868,,0.627816166,,,
1114,831,928.333,97.3333,89.51529247,,1.355373923,,,
1077,786,897.5,111.5,87.57660167,,0.599827819,,,
1083,792,902.5,110.5,87.75623269,,0.35385188,,,
1062,779,885,106,88.02259887,,0.107904576,,,
1132,852,943.333,91.3333,90.31805312,,3.868954954,,,
1062,786,885,99,88.81355932,,0.213880473,,,
1138,849,948.333,99.3333,89.52551477,,1.379280145,,,
1023,750,852.5,102.5,87.97653959,,0.140285905,,,
1109,807,924.167,117.167,87.32188014,,1.059267159,,,
1132,819,943.333,124.333,86.81981866,,2.344783298,,,
1081,786,900.833,114.833,87.25257623,,1.206726337,,,
1103,797,919.167,122.167,86.70894408,,2.696634005,,,
1062,800,885,85,90.39548023,,4.179542886,,,
1056,786,880,94,89.31818182,,0.93527202,,,
1122,829,935,106,88.6631016,,0.097352995,,,
1070,809,891.667,82.6667,90.72893805,,5.65417469,,,
1122,840,935,95,89.83957219,,2.215587603,,,
1112,820,926.667,106.667,88.4891768,,0.019068741,,,
1177,867,980.833,113.833,88.39425264,,0.001863256,,,
1010,732,841.667,109.667,86.97026259,,1.906676587,,,
1084,792,903.333,111.333,87.67530911,,0.45667602,,,
1059,782,882.5,100.5,88.61189802,,0.068022287,,,
1019,761,849.167,88.1667,89.61723666,,1.603134472,,,
1081,801,900.833,99.8333,88.91770173,,0.321052034,,,
1137,832,947.5,115.5,87.81002639,,0.292746794,,,
1051,777,875.833,98.8333,88.7155428,,0.132827894,,,
1127,825,939.167,114.167,87.84380201,,0.257338256,,,
1130,835,941.667,106.667,88.67253498,,0.103328684,,,
1061,777,884.167,107.167,87.87932596,,0.222558654,,,
1084,782,903.333,121.333,86.56829763,,3.178338627,,,
1106,806,921.667,115.667,87.45023962,,0.811526344,,,
1062,751,885,134,84.85875706,,12.19636972,,,
1047,781,872.5,91.5,89.51289398,,1.349795024,,,
1119,826,932.5,106.5,88.57908847,,0.051984585,,,
1091,790,909.167,119.167,86.89272708,,2.126814214,,,
1109,813,924.167,111.167,87.97111345,,0.144380046,,,
1089,795,907.5,112.5,87.60330579,,0.559177029,,,
1126,812,938.333,126.333,86.53644282,,3.292934192,,,
1016,745,846.667,101.667,87.99209134,,0.128878019,,,
1150,866,958.333,92.3333,90.36524882,,4.056847083,,,
1031,756,859.167,103.167,87.9922064,,0.128795418,,,
1070,791,891.667,100.667,88.71024721,,0.128995921,,,
1088,785,906.667,121.667,86.58085052,,3.133737862,,,
1033,745,860.833,115.833,86.54407998,,3.265275063,,,
1064,760,886.667,126.667,85.71425349,,6.952891957,,,
1139,830,949.167,119.167,87.4450966,,0.820818958,,,
1088,799,906.667,107.667,88.1249676,,0.051130068,,,
1160,850,966.667,116.667,87.93100416,,0.176469751,,,
1028,768,856.667,88.6667,89.64977056,,1.686578507,,,
1063,763,885.833,122.833,86.13361661,,4.917175786,,,
1154,866,961.667,95.6667,90.05196185,,2.892974622,,,
1153,838,960.833,122.833,87.21598863,,1.288448749,,,
1001,748,834.167,86.1667,89.67029384,,1.74030618,,,
1072,793,893.333,100.333,88.76868984,,0.174391973,,,
1031,755,859.167,104.167,87.8758146,,0.225884038,,,
1036,770,863.333,93.3333,89.18922363,,0.702472684,,,
1023,729,852.5,123.5,85.51319648,,8.053623677,,,
1078,774,898.333,124.333,86.1595867,,4.802674393,,,
1039,767,865.833,98.8333,88.58521216,,0.054814502,,,
1090,800,908.333,108.333,88.07342682,,0.077095283,,,
1065,782,887.5,105.5,88.11267606,,0.056839869,,,
1079,807,899.167,92.1667,89.74973503,,1.956215787,,,
1085,801,904.167,103.167,88.58982909,,0.056997695,,,
1088,799,906.667,107.667,88.1249676,,0.051130068,,,
1009,739,840.833,101.833,87.88903385,,0.213493288,,,
1103,830,919.167,89.1667,90.2991513,,3.794953764,,,
1060,796,883.333,87.3333,90.11324155,,3.105187996,,,
1056,762,880,118,86.59090909,,3.098226941,,,
1017,748,847.5,99.5,88.25958702,,0.008372281,,,
1029,750,857.5,107.5,87.46355685,,0.787710102,,,
1116,833,930,97,89.56989247,,1.485486318,,,
1024,739,853.333,114.333,86.60159633,,3.060718274,,,
1120,823,933.333,110.333,88.17860292,,0.029750823,,,
1105,808,920.833,112.833,87.7466381,,0.365358704,,,
1127,833,939.167,106.167,88.69562069,,0.118703335,,,
1024,740,853.333,113.333,86.71878387,,2.664414114,,,
1131,848,942.5,94.5,89.9734748,,2.632141561,,,
1011,744,842.5,98.5,88.30860534,,0.001804707,,,
1175,880,979.167,99.1667,89.87230983,,2.314118323,,,
1155,865,962.5,97.5,89.87012987,,2.307490664,,,
1093,809,910.833,101.833,88.81979463,,0.219686662,,,
1183,863,985.833,122.833,87.54018175,,0.657567625,,,
1023,743,852.5,109.5,87.15542522,,1.429607547,,,
1032,749,860,111,87.09302326,,1.582724862,,,
1104,806,920,114,87.60869565,,0.551145195,,,
1105,798,920.833,122.833,86.66066485,,2.857527672,,,
1102,814,918.333,104.333,88.63887065,,0.082819319,,,
1111,813,925.833,112.833,87.81281289,,0.289739218,,,
1081,805,900.833,95.8333,89.36173519,,1.021409388,,,
1046,775,871.667,96.6667,88.91009984,,0.312495146,,,
1140,829,950,121,87.26315789,,1.183590151,,,
1111,814,925.833,111.833,87.92082373,,0.185126642,,,
1144,825,953.333,128.333,86.5384918,,3.28550206,,,
1139,854,949.167,95.1667,89.97362951,,2.632643576,,,
1059,783,882.5,99.5,88.72521246,,0.139969721,,,
1112,789,926.667,137.667,85.14385426,,10.28634304,,,
1106,828,921.667,93.6667,89.83721887,,2.208587357,,,
1046,770,871.667,101.667,88.3364863,,0.000213186,,,
1099,801,915.833,114.833,87.46136031,,0.791613915,,,
1148,857,956.667,99.6667,89.58185032,,1.514777882,,,
1041,763,867.5,104.5,87.95389049,,0.157765219,,,
1042,772,868.333,96.3333,88.90598422,,0.307910719,,,
1072,784,893.333,109.333,87.76122678,,0.347935307,,,
1070,798,891.667,93.6667,89.49529365,,1.309208415,,,
1142,825,951.667,126.667,86.68998715,,2.759253347,,,
1043,761,869.167,108.167,87.55509586,,0.633602204,,,
1088,793,906.667,113.667,87.46320314,,0.788338089,,,
1004,723,836.667,113.667,86.4143082,,3.75111285,,,
1074,769,895,126,85.92178771,,5.901495966,,,
1076,803,896.667,93.6667,89.55387005,,1.446686619,,,
1082,812,901.667,89.6667,90.05541957,,2.904748871,,,
1014,726,845,119,85.91715976,,5.924002718,,,
1024,748,853.333,105.333,87.65628424,,0.482751138,,,
1121,833,934.167,101.167,89.17035177,,0.671194449,,,
1097,810,914.167,104.167,88.60525484,,0.064601194,,,
1006,725,838.333,113.333,86.48114771,,3.496673673,,,
1107,822,922.5,100.5,89.10569106,,0.569426996,,,
1051,777,875.833,98.8333,88.7155428,,0.132827894,,,
1011,725,842.5,117.5,86.05341246,,5.279309152,,,
1033,761,860.833,99.8333,88.40274478,,0.002668507,,,
1161,851,967.5,116.5,87.95865633,,0.154001979,,,
1034,773,861.667,88.6667,89.7098299,,1.846181751,,,
1038,762,865,103,88.09248555,,0.066874809,,,
1115,837,929.167,92.1667,90.08068517,,2.991509182,,,
1086,807,905,98,89.17127072,,0.67270102,,,
1030,735,858.333,123.333,85.63110122,,7.398323699,,,
1032,755,860,105,87.79069767,,0.314036409,,,
1135,842,945.833,103.833,89.02205781,,0.450201566,,,
1129,821,940.833,119.833,87.26309558,,1.183725752,,,
1101,804,917.5,113.5,87.62942779,,0.520792285,,,
1061,765,884.167,119.167,86.5221163,,3.345134527,,,
1151,824,959.167,135.167,85.90787631,,5.969279387,,,
1096,799,913.333,114.333,87.48178375,,0.755688466,,,
1067,797,889.167,92.1667,89.63445562,,1.647034526,,,
1068,791,890,99,88.87640449,,0.27595827,,,
1110,821,925,104,88.75675676,,0.164567797,,,
1044,758,870,112,87.12643678,,1.499768623,,,
1190,881,991.667,110.667,88.84030627,,0.23933531,,,
1076,791,896.667,105.667,88.21558059,,0.018362039,,,
1102,806,918.333,112.333,87.76772696,,0.340309161,,,
1050,758,875,117,86.62857143,,2.967060548,,,
1043,752,869.167,117.167,86.51962166,,3.354265985,,,
1186,903,988.333,85.3333,91.36596673,,9.089498664,,,
1030,755,858.333,103.333,87.96119921,,0.152012638,,,
1144,857,953.333,96.3333,89.89513633,,2.384087737,,,
1066,778,888.333,110.333,87.5797702,,0.594929901,,,
1032,757,860,103,88.02325581,,0.107473411,,,
1084,803,903.333,100.333,88.89302173,,0.293693048,,,
1090,820,908.333,88.3333,90.27526249,,3.702450571,,,
1063,782,885.833,103.833,88.27849042,,0.005270292,,,
1056,767,880,113,87.15909091,,1.420855134,,,
1064,784,886.667,102.667,88.42101939,,0.004890513,,,
1127,836,939.167,103.167,89.0150527,,0.4408502,,,
1075,797,895.833,98.8333,88.96747496,,0.379933889,,,
1081,792,900.833,108.833,87.91862643,,0.187022312,,,
1111,800,925.833,125.833,86.40867197,,3.77297687,,,
1069,791,890.833,99.8333,88.79329796,,0.195550364,,,
1058,778,881.667,103.667,88.24193261,,0.011914722,,,
1121,822,934.167,112.167,87.99283212,,0.128346698,,,
1162,851,968.333,117.333,87.88299067,,0.219114356,,,
1050,786,875,89,89.82857143,,2.182959675,,,
1066,779,888.333,109.333,87.6923406,,0.433947073,,,
1056,780,880,100,88.63636364,,0.081382651,,,
1009,740,840.833,100.833,88.00796353,,0.117733845,,,
1070,775,891.667,116.667,86.91585536,,2.05989041,,,
1163,867,969.167,102.167,89.45826674,,1.225846552,,,
1026,760,855,95,88.88888889,,0.289230667,,,
1060,781,883.333,102.333,88.4151277,,0.004101187,,,
1086,790,905,115,87.29281768,,1.119934357,,,
1061,797,884.167,87.1667,90.14134208,,3.20501256,,,
1005,746,837.5,91.5,89.07462687,,0.523509662,,,
1012,751,843.333,92.3333,89.0514186,,0.49046408,,,
1116,819,930,111,88.06451613,,0.082122973,,,
1168,869,973.333,104.333,89.28085249,,0.864463519,,,
1111,843,925.833,82.8333,91.05313809,,7.301079082,,,
1037,770,864.167,94.1667,89.10314789,,0.565595292,,,
1073,786,894.167,108.167,87.90304272,,0.200743847,,,
1015,757,845.833,88.8333,89.49757222,,1.314427914,,,
1089,815,907.5,92.5,89.80716253,,2.120155409,,,
1081,803,900.833,97.8333,89.13971846,,0.621939281,,,
1080,798,900,102,88.66666667,,0.099590406,,,
1072,766,893.333,127.333,85.74630065,,6.784912911,,,
1076,775,896.667,121.667,86.43119464,,3.685987422,,,
1072,793,893.333,100.333,88.76868984,,0.174391973,,,
1110,812,925,113,87.78378378,,0.321833155,,,
1132,806,943.333,137.333,85.4417263,,8.464380762,,,
1110,818,925,107,88.43243243,,0.006617048,,,
1108,813,923.333,110.333,88.0505733,,0.090308596,,,
1051,756,875.833,119.833,86.31782543,,4.134153384,,,
1088,798,906.667,108.667,88.01467352,,0.113174155,,,
1164,864,970,106,89.07216495,,0.519953134,,,
1108,809,923.333,114.333,87.61736015,,0.538355368,,,
1061,787,884.167,97.1667,89.01033402,,0.434606384,,,
1098,810,915,105,88.52459016,,0.030103282,,,
1031,747,859.167,112.167,86.94468014,,1.977980796,,,
1079,791,899.167,108.167,87.9703103,,0.144991041,,,
1073,813,894.167,81.1667,90.92261289,,6.612744426,,,
1092,802,910,108,88.13186813,,0.048056995,,,
1063,787,885.833,98.8333,88.84293089,,0.241910226,,,
1077,779,897.5,118.5,86.79665738,,2.416252029,,,
1056,762,880,118,86.59090909,,3.098226941,,,
1127,843,939.167,96.1667,89.76039405,,1.986145829,,,
1095,789,912.5,123.5,86.46575342,,3.554483407,,,
1001,730,834.167,104.167,87.51245254,,0.703308072,,,
1093,795,910.833,115.833,87.28274009,,1.141365536,,,
1069,785,890.833,105.833,88.11977105,,0.053507159,,,
1046,746,871.667,125.667,85.58314127,,7.661524625,,,
1108,794,923.333,129.333,85.99281083,,5.561467401,,,
1140,833,950,117,87.68421053,,0.444724485,,,
1130,823,941.667,118.667,87.39819915,,0.907995615,,,
1139,843,949.167,106.167,88.81471859,,0.214954075,,,
1021,763,850.833,87.8333,89.6768226,,1.757574367,,,
1111,833,925.833,92.8333,89.97302969,,2.630697484,,,
1143,855,952.5,97.5,89.76377953,,1.995699641,,,
1050,757,875,118,86.51428571,,3.373839661,,,
1147,848,955.833,107.833,88.71842675,,0.134938356,,,
1036,771,863.333,92.3333,89.30505379,,0.910052266,,,
1071,788,892.5,104.5,88.29131653,,0.003572532,,,
,,,,88351.08719,,1478.805527,,,