m,R : score,5m/6,gap,a : R/(5m/6)*100,average,(ave-a)^2,S : standard deviation,Δ: 1.96*S/√1000,confidence interval
1179,913,982.5,69.5,92.92620865,93.46208531,0.287163788,0.941685383,0.058366265,93.4620853052054±0.058366265
1212,946,1010,64,93.66336634,,0.040514054,,,
1107,861,922.5,61.5,93.33333333,,0.01657707,,,93.40371904
1167,906,972.5,66.5,93.16195373,,0.090078964,,,to
1194,945,995,50,94.97487437,,2.28853076,,,93.52045157
1299,989,1082.5,93.5,91.36258661,,4.407894792,,,
1218,947,1015,68,93.30049261,,0.026112199,,,
1131,880,942.5,62.5,93.36870027,,0.008720766,,,
1095,854,912.5,58.5,93.5890411,,0.016117773,,,
1179,925,982.5,57.5,94.1475827,,0.469906674,,,
1194,926,995,69,93.06532663,,0.157417444,,,
1161,896,967.5,71.5,92.60981912,,0.726357648,,,
1152,899,960,61,93.64583333,,0.033763338,,,
1152,913,960,47,95.10416667,,2.696431198,,,
1152,903,960,57,94.0625,,0.360497806,,,
1203,939,1002.5,63.5,93.66583541,,0.041514106,,,
1062,816,885,69,92.20338983,,1.584314298,,,
1146,891,955,64,93.29842932,,0.026783282,,,
1185,935,987.5,52.5,94.6835443,,1.491962085,,,
1167,904,972.5,68.5,92.9562982,,0.255820595,,,
1107,868,922.5,54.5,94.09214092,,0.39697008,,,
1218,951,1015,64,93.69458128,,0.054054379,,,
1191,933,992.5,59.5,94.00503778,,0.294797394,,,
1134,881,945,64,93.22751323,,0.05502406,,,
1179,911,982.5,71.5,92.72264631,,0.546770027,,,
1068,832,890,58,93.48314607,,0.000443556,,,
1092,843,910,67,92.63736264,,0.680167479,,,
1170,908,975,67,93.12820513,,0.111475973,,,
1134,877,945,68,92.8042328,,0.432769913,,,
1173,920,977.5,57.5,94.11764706,,0.429761213,,,
1191,914,992.5,78.5,92.0906801,,1.880752235,,,
1128,881,940,59,93.72340426,,0.068287594,,,
1254,988,1045,57,94.54545455,,1.173688911,,,
1185,914,987.5,73.5,92.55696203,,0.819248152,,,
1137,880,947.5,67.5,92.87598945,,0.343508356,,,
1194,934,995,61,93.86934673,,0.165861871,,,
1077,836,897.5,61.5,93.14763231,,0.098880685,,,
1137,890,947.5,57.5,93.93139842,,0.220254797,,,
1116,864,930,66,92.90322581,,0.312323939,,,
1170,913,975,62,93.64102564,,0.032019644,,,
1236,959,1030,71,93.10679612,,0.126230408,,,
1251,987,1042.5,55.5,94.67625899,,1.474217744,,,
1065,827,887.5,60.5,93.18309859,,0.077833586,,,
1101,866,917.5,51.5,94.38692098,,0.855321027,,,
1182,923,985,62,93.70558376,,0.059291496,,,
1071,827,892.5,65.5,92.66106443,,0.641634449,,,
1188,918,990,72,92.72727273,,0.539949525,,,
1164,897,970,73,92.4742268,,0.975864418,,,
1197,924,997.5,73.5,92.63157895,,0.68974081,,,
1218,946,1015,69,93.20197044,,0.067659741,,,
1086,853,905,52,94.25414365,,0.627356416,,,
1083,835,902.5,67.5,92.52077562,,0.886063917,,,
1185,931,987.5,56.5,94.27848101,,0.666501951,,,
1266,985,1055,70,93.36492891,,0.009439365,,,
1137,893,947.5,54.5,94.24802111,,0.617695086,,,
1137,878,947.5,69.5,92.66490765,,0.635492211,,,
1185,930,987.5,57.5,94.17721519,,0.511410752,,,
1146,889,955,66,93.08900524,,0.139188738,,,
1122,869,935,66,92.94117647,,0.271346014,,,
1251,972,1042.5,70.5,93.23741007,,0.05047896,,,
1086,827,905,78,91.38121547,,4.330019273,,,
1227,962,1022.5,60.5,94.08312958,,0.385695997,,,
1116,853,930,77,91.72043011,,3.033362828,,,
1083,850,902.5,52.5,94.18282548,,0.519466406,,,
1254,976,1045,69,93.39712919,,0.004219297,,,
1140,895,950,55,94.21052632,,0.560163946,,,
1218,954,1015,61,93.99014778,,0.278849981,,,
1176,911,980,69,92.95918367,,0.252910051,,,
1152,909,960,51,94.6875,,1.501641174,,,
1194,927,995,68,93.16582915,,0.087767712,,,
1191,932,992.5,60.5,93.90428212,,0.195538019,,,
1128,882,940,58,93.82978723,,0.135204708,,,
1113,872,927.5,55.5,94.01617251,,0.307012627,,,
1152,900,960,60,93.75,,0.082894871,,,
1080,844,900,56,93.77777778,,0.099661737,,,
1107,872,922.5,50.5,94.52574526,,1.131372494,,,
1128,864,940,76,91.91489362,,2.39380212,,,
1227,958,1022.5,64.5,93.69193154,,0.052829292,,,
1227,964,1022.5,58.5,94.27872861,,0.666906281,,,
1056,828,880,52,94.09090909,,0.395419353,,,
1122,885,935,50,94.65240642,,1.416864349,,,
1152,895,960,65,93.22916667,,0.054251092,,,
1146,895,955,60,93.71727749,,0.06512305,,,
1200,942,1000,58,94.2,,0.544518097,,,
1119,862,932.5,70.5,92.43967828,,1.045316117,,,
1143,886,952.5,66.5,93.0183727,,0.196880873,,,
1095,855,912.5,57.5,93.69863014,,0.055953457,,,
1158,900,965,65,93.2642487,,0.039139321,,,
1143,902,952.5,50.5,94.69816273,,1.527887399,,,
1113,860,927.5,67.5,92.72237197,,0.547175822,,,
1251,981,1042.5,61.5,94.10071942,,0.407853538,,,
1035,810,862.5,52.5,93.91304348,,0.203363274,,,
1197,929,997.5,68.5,93.13283208,,0.108407686,,,
1110,874,925,51,94.48648649,,1.04939778,,,
1170,913,975,62,93.64102564,,0.032019644,,,
1221,950,1017.5,67.5,93.36609337,,0.009214452,,,
1134,875,945,70,92.59259259,,0.756017577,,,
1161,896,967.5,71.5,92.60981912,,0.726357648,,,
1176,906,980,74,92.44897959,,1.026383186,,,
1209,937,1007.5,70.5,93.00248139,,0.211235759,,,
1104,869,920,51,94.45652174,,0.988903821,,,
1236,965,1030,65,93.68932039,,0.051635783,,,
1299,1002,1082.5,80.5,92.56351039,,0.807436874,,,
1059,831,882.5,51.5,94.16430595,,0.493113833,,,
1074,844,895,51,94.30167598,,0.704912497,,,
1272,981,1060,79,92.54716981,,0.837070361,,,
1242,951,1035,84,91.88405797,,2.490170267,,,
1224,951,1020,69,93.23529412,,0.051434243,,,
1137,885,947.5,62.5,93.40369393,,0.003409553,,,
1173,916,977.5,61.5,93.7084399,,0.060690585,,,
1113,865,927.5,62.5,93.26145553,,0.040252308,,,
1173,919,977.5,58.5,94.01534527,,0.306096587,,,
1212,965,1010,45,95.54455446,,4.336677762,,,
1050,834,875,41,95.31428571,,3.430646355,,,
1140,885,950,65,93.15789474,,0.092531902,,,
1074,838,895,57,93.63128492,,0.028628508,,,
1203,944,1002.5,58.5,94.16458853,,0.493510779,,,
1206,950,1005,55,94.52736318,,1.134816959,,,
1137,879,947.5,68.5,92.77044855,,0.478361403,,,
1209,939,1007.5,68.5,93.20099256,,0.068169424,,,
1188,930,990,60,93.93939394,,0.227823532,,,
1122,882,935,53,94.3315508,,0.75597025,,,
1197,943,997.5,54.5,94.53634085,,1.15402498,,,
1122,884,935,51,94.54545455,,1.173688911,,,
1137,893,947.5,54.5,94.24802111,,0.617695086,,,
1131,876,942.5,66.5,92.94429708,,0.268104644,,,
1104,873,920,47,94.89130435,,2.042667072,,,
1173,915,977.5,62.5,93.60613811,,0.02075121,,,
1119,863,932.5,69.5,92.54691689,,0.837533228,,,
1083,826,902.5,76.5,91.52354571,,3.757935776,,,
1110,870,925,55,94.05405405,,0.350427,,,
1164,898,970,72,92.57731959,,0.782810375,,,
1101,873,917.5,44.5,95.14986376,,2.848596113,,,
1212,957,1010,53,94.75247525,,1.665106203,,,
1080,844,900,56,93.77777778,,0.099661737,,,
1128,865,940,75,92.0212766,,2.075929737,,,
1206,934,1005,71,92.93532338,,0.277478123,,,
1236,966,1030,64,93.78640777,,0.105185059,,,
1110,862,925,63,93.18918919,,0.07447229,,,
1137,875,947.5,72.5,92.34828496,,1.240551208,,,
1176,931,980,49,95,,2.365181608,,,
1164,893,970,77,92.06185567,,1.960643031,,,
1068,836,890,54,93.93258427,,0.221369276,,,
1176,926,980,54,94.48979592,,1.056189104,,,
1152,906,960,54,94.375,,0.83341324,,,
1020,789,850,61,92.82352941,,0.407753629,,,
1134,877,945,68,92.8042328,,0.432769913,,,
1221,947,1017.5,70.5,93.07125307,,0.152749835,,,
1191,934,992.5,58.5,94.10579345,,0.414360177,,,
1149,870,957.5,87.5,90.8616188,,6.76242605,,,
1104,842,920,78,91.52173913,,3.764943278,,,
1173,925,977.5,52.5,94.62915601,,1.362054031,,,
1107,844,922.5,78.5,91.49051491,,3.887089842,,,
1152,876,960,84,91.25,,4.893321398,,,
1155,898,962.5,64.5,93.2987013,,0.026694334,,,
1191,929,992.5,63.5,93.60201511,,0.019580351,,,
1212,955,1010,55,94.55445545,,1.193272524,,,
1065,835,887.5,52.5,94.08450704,,0.387408819,,,
1215,955,1012.5,57.5,94.32098765,,0.737713245,,,
1203,931,1002.5,71.5,92.86783042,,0.353138864,,,
1140,898,950,52,94.52631579,,1.132586524,,,
1281,1008,1067.5,59.5,94.42622951,,0.929574044,,,
1185,920,987.5,67.5,93.16455696,,0.088523115,,,
1152,901,960,59,93.85416667,,0.153727794,,,
1155,907,962.5,55.5,94.23376623,,0.595491456,,,
1125,887,937.5,50.5,94.61333333,,1.325372022,,,
1074,833,895,62,93.0726257,,0.151678785,,,
1137,885,947.5,62.5,93.40369393,,0.003409553,,,
1245,976,1037.5,61.5,94.07228916,,0.37234874,,,
1137,893,947.5,54.5,94.24802111,,0.617695086,,,
1155,897,962.5,65.5,93.19480519,,0.071438657,,,
1188,927,990,63,93.63636364,,0.030372937,,,
1221,950,1017.5,67.5,93.36609337,,0.009214452,,,
1098,845,915,70,92.34972678,,1.237341498,,,
1143,900,952.5,52.5,94.48818898,,1.052888744,,,
1206,945,1005,60,94.02985075,,0.322357596,,,
1155,909,962.5,53.5,94.44155844,,0.959367625,,,
1167,908,972.5,64.5,93.36760925,,0.008925724,,,
1167,911,972.5,61.5,93.67609254,,0.045799099,,,
1206,927,1005,78,92.23880597,,1.496412332,,,
1173,909,977.5,68.5,92.99232737,,0.220672522,,,
1155,908,962.5,54.5,94.33766234,,0.76663514,,,
1185,921,987.5,66.5,93.26582278,,0.038518977,,,
1062,825,885,60,93.22033898,,0.058441284,,,
1143,895,952.5,57.5,93.96325459,,0.251170655,,,
1230,965,1025,60,94.14634146,,0.46820649,,,
1104,840,920,80,91.30434783,,4.655831029,,,
1254,964,1045,81,92.24880383,,1.472051944,,,
1245,988,1037.5,49.5,95.22891566,,3.121689512,,,
1059,822,882.5,60.5,93.14447592,,0.100875721,,,
1233,971,1027.5,56.5,94.50121655,,1.079793734,,,
1098,850,915,65,92.89617486,,0.320254628,,,
1113,847,927.5,80.5,91.32075472,,4.585296688,,,
1077,834,897.5,63.5,92.92479109,,0.288685078,,,
1086,852,905,53,94.14364641,,0.464525538,,,
1152,899,960,61,93.64583333,,0.033763338,,,
1155,897,962.5,65.5,93.19480519,,0.071438657,,,
1128,880,940,60,93.61702128,,0.024005155,,,
1170,896,975,79,91.8974359,,2.448127769,,,
1158,907,965,58,93.98963731,,0.278311113,,,
1170,907,975,68,93.02564103,,0.190483609,,,
1203,934,1002.5,68.5,93.16708229,,0.087026776,,,
1149,894,957.5,63.5,93.36814621,,0.008824553,,,
1062,814,885,71,91.97740113,,2.2042871,,,
1092,846,910,64,92.96703297,,0.245076818,,,
1143,901,952.5,51.5,94.59317585,,1.279365827,,,
1140,879,950,71,92.52631579,,0.875664587,,,
1092,856,910,54,94.06593407,,0.364633326,,,
1173,909,977.5,68.5,92.99232737,,0.220672522,,,
1191,915,992.5,77.5,92.19143577,,1.614550246,,,
1155,903,962.5,59.5,93.81818182,,0.126804727,,,
1146,875,955,80,91.62303665,,3.382099959,,,
1026,792,855,63,92.63157895,,0.68974081,,,
1236,975,1030,55,94.66019417,,1.435464863,,,
1146,893,955,62,93.5078534,,0.002094719,,,
1176,916,980,64,93.46938776,,5.33258E-05,,,
1197,926,997.5,71.5,92.8320802,,0.396906432,,,
1113,878,927.5,49.5,94.66307278,,1.442370906,,,
1116,866,930,64,93.11827957,,0.118202384,,,
1098,857,915,58,93.66120219,,0.039647532,,,
1167,911,972.5,61.5,93.67609254,,0.045799099,,,
1143,901,952.5,51.5,94.59317585,,1.279365827,,,
1155,889,962.5,73.5,92.36363636,,1.206590077,,,
1113,873,927.5,54.5,94.12398922,,0.43811679,,,
1167,910,972.5,62.5,93.57326478,,0.012360876,,,
1185,929,987.5,58.5,94.07594937,,0.376829086,,,
1107,852,922.5,70.5,92.35772358,,1.219614826,,,
1137,888,947.5,59.5,93.72031662,,0.066683413,,,
1131,859,942.5,83.5,91.14058355,,5.389370379,,,
1104,857,920,63,93.15217391,,0.096045071,,,
1287,1006,1072.5,66.5,93.7995338,,0.113871486,,,
1137,896,947.5,51.5,94.5646438,,1.215635233,,,
1122,871,935,64,93.15508021,,0.094252126,,,
1176,921,980,59,93.97959184,,0.26781301,,,
1215,934,1012.5,78.5,92.24691358,,1.476642321,,,
1140,878,950,72,92.42105263,,1.083749028,,,
1149,903,957.5,54.5,94.30809399,,0.715730703,,,
1179,918,982.5,64.5,93.4351145,,0.000727424,,,
1200,947,1000,53,94.7,,1.532432792,,,
1134,894,945,51,94.6031746,,1.302084786,,,
1152,921,960,39,95.9375,,6.127677911,,,
1116,849,930,81,91.29032258,,4.716553332,,,
1143,887,952.5,65.5,93.12335958,,0.114735117,,,
1200,935,1000,65,93.5,,0.001437524,,,
1101,856,917.5,61.5,93.29700272,,0.027252258,,,
1221,961,1017.5,56.5,94.44717445,,0.970400618,,,
1116,877,930,53,94.30107527,,0.703904159,,,
1116,870,930,60,93.5483871,,0.007447999,,,
1185,929,987.5,58.5,94.07594937,,0.376829086,,,
1185,921,987.5,66.5,93.26582278,,0.038518977,,,
1236,973,1030,57,94.46601942,,1.007883702,,,
1212,932,1010,78,92.27722772,,1.403887491,,,
1167,912,972.5,60.5,93.77892031,,0.100384419,,,
1134,891,945,54,94.28571429,,0.678364698,,,
1266,995,1055,60,94.31279621,,0.723709041,,,
1140,884,950,66,93.05263158,,0.167652354,,,
1230,973,1025,52,94.92682927,,2.145474877,,,
1167,905,972.5,67.5,93.05912596,,0.162376231,,,
1122,887,935,48,94.86631016,,1.971847444,,,
1041,788,867.5,79.5,90.83573487,,6.897716607,,,
1221,951,1017.5,66.5,93.46437346,,5.23567E-06,,,
1185,930,987.5,57.5,94.17721519,,0.511410752,,,
1164,906,970,64,93.40206186,,0.003602814,,,
1092,862,910,48,94.72527473,,1.595647511,,,
1197,921,997.5,76.5,92.33082707,,1.2797452,,,
1209,944,1007.5,63.5,93.69727047,,0.055312062,,,
1086,834,905,71,92.15469613,,1.709266449,,,
1194,943,995,52,94.77386935,,1.720777372,,,
1284,995,1070,75,92.99065421,,0.222247282,,,
1224,941,1020,79,92.25490196,,1.457291627,,,
1068,841,890,49,94.49438202,,1.065636512,,,
1203,936,1002.5,66.5,93.36658354,,0.009120587,,,
1080,833,900,67,92.55555556,,0.821796187,,,
1164,895,970,75,92.26804124,,1.425741237,,,
1158,907,965,58,93.98963731,,0.278311113,,,
1167,908,972.5,64.5,93.36760925,,0.008925724,,,
1272,998,1060,62,94.1509434,,0.47452547,,,
1074,843,895,52,94.18994413,,0.529778475,,,
1101,844,917.5,73.5,91.98910082,,2.169683301,,,
1137,882,947.5,65.5,93.08707124,,0.140635549,,,
1164,878,970,92,90.51546392,,8.682577602,,,
1134,883,945,62,93.43915344,,0.00052587,,,
1179,929,982.5,53.5,94.55470738,,1.193822996,,,
1260,986,1050,64,93.9047619,,0.195962572,,,
1140,892,950,58,93.89473684,,0.187187352,,,
1137,873,947.5,74.5,92.13720317,,1.755312682,,,
1179,906,982.5,76.5,92.21374046,,1.558364858,,,
1158,902,965,63,93.47150259,,8.86853E-05,,,
1122,872,935,63,93.26203209,,0.040021291,,,
1107,861,922.5,61.5,93.33333333,,0.01657707,,,
1140,896,950,54,94.31578947,,0.728810807,,,
1173,914,977.5,63.5,93.50383632,,0.001743147,,,
1179,908,982.5,74.5,92.4173028,,1.091570485,,,
1125,859,937.5,78.5,91.62666667,,3.368761579,,,
1122,870,935,65,93.04812834,,0.171360367,,,
1125,878,937.5,59.5,93.65333333,,0.036575808,,,
1122,878,935,57,93.90374332,,0.195061798,,,
1095,842,912.5,70.5,92.2739726,,1.411611794,,,
1116,874,930,56,93.97849462,,0.266678584,,,
1245,967,1037.5,70.5,93.20481928,,0.066185809,,,
1206,946,1005,59,94.12935323,,0.445246489,,,
1143,901,952.5,51.5,94.59317585,,1.279365827,,,
1116,880,930,50,94.62365591,,1.349246279,,,
1161,912,967.5,55.5,94.26356589,,0.64237113,,,
1113,870,927.5,57.5,93.80053908,,0.11455096,,,
1125,886,937.5,51.5,94.50666667,,1.091150221,,,
1134,903,945,42,95.55555556,,4.382617689,,,
1164,917,970,53,94.53608247,,1.153469919,,,
1158,913,965,52,94.61139896,,1.320921886,,,
1143,882,952.5,70.5,92.5984252,,0.745908783,,,
1158,895,965,70,92.74611399,,0.512614925,,,
1206,943,1005,62,93.83084577,,0.135984281,,,
1251,962,1042.5,80.5,92.27817746,,1.401637791,,,
1170,912,975,63,93.53846154,,0.005833329,,,
1122,871,935,64,93.15508021,,0.094252126,,,
1053,820,877.5,57.5,93.44729345,,0.000218799,,,
1293,1008,1077.5,69.5,93.54988399,,0.007708609,,,
1314,1036,1095,59,94.61187215,,1.32200978,,,
1125,876,937.5,61.5,93.44,,0.000487761,,,
1269,1003,1057.5,54.5,94.8463357,,1.916149148,,,
1269,985,1057.5,72.5,93.14420804,,0.101045957,,,
1140,886,950,64,93.26315789,,0.039572115,,,
1095,861,912.5,51.5,94.35616438,,0.799377398,,,
1170,899,975,76,92.20512821,,1.579941151,,,
1170,908,975,67,93.12820513,,0.111475973,,,
1176,933,980,47,95.20408163,,3.034551205,,,
1158,903,965,62,93.57512953,,0.012778998,,,
1170,922,975,53,94.56410256,,1.214442039,,,
1152,904,960,56,94.16666667,,0.496434895,,,
1188,936,990,54,94.54545455,,1.173688911,,,
1149,898,957.5,59.5,93.78590078,,0.104856464,,,
1161,899,967.5,68.5,92.91989664,,0.293968548,,,
1131,871,942.5,71.5,92.4137931,,1.09891654,,,
1197,914,997.5,83.5,91.62907268,,3.359935278,,,
1179,930,982.5,52.5,94.65648855,,1.42659911,,,
1074,839,895,56,93.74301676,,0.078922482,,,
1116,868,930,62,93.33333333,,0.01657707,,,
1131,883,942.5,59.5,93.68700265,,0.050587813,,,
1128,886,940,54,94.25531915,,0.629219931,,,
1161,910,967.5,57.5,94.05684755,,0.353742122,,,
1218,939,1015,76,92.51231527,,0.902063118,,,
1113,861,927.5,66.5,92.83018868,,0.399293346,,,
1176,898,980,82,91.63265306,,3.346822335,,,
1164,903,970,67,93.09278351,,0.13638382,,,
1185,919,987.5,68.5,93.06329114,,0.159036787,,,
1155,902,962.5,60.5,93.71428571,,0.063605046,,,
1206,958,1005,47,95.32338308,,3.464429423,,,
1185,903,987.5,84.5,91.44303797,,4.076552123,,,
1146,897,955,58,93.92670157,,0.215868274,,,
1161,903,967.5,64.5,93.33333333,,0.01657707,,,
1128,882,940,58,93.82978723,,0.135204708,,,
1125,884,937.5,53.5,94.29333333,,0.690973284,,,
1095,853,912.5,59.5,93.47945205,,0.000301604,,,
1131,879,942.5,63.5,93.26259947,,0.039794599,,,
1212,944,1010,66,93.46534653,,1.06356E-05,,,
1197,926,997.5,71.5,92.8320802,,0.396906432,,,
1077,838,897.5,59.5,93.37047354,,0.008392716,,,
1185,934,987.5,53.5,94.58227848,,1.254832751,,,
1032,802,860,58,93.25581395,,0.042547871,,,
1218,952,1015,63,93.79310345,,0.109573011,,,
1077,847,897.5,50.5,94.37325905,,0.830237599,,,
1116,868,930,62,93.33333333,,0.01657707,,,
1125,867,937.5,70.5,92.48,,0.964491547,,,
1242,955,1035,80,92.2705314,,1.419800707,,,
1215,940,1012.5,72.5,92.83950617,,0.387604776,,,
1209,944,1007.5,63.5,93.69727047,,0.055312062,,,
1125,867,937.5,70.5,92.48,,0.964491547,,,
1125,878,937.5,59.5,93.65333333,,0.036575808,,,
1134,876,945,69,92.6984127,,0.58319585,,,
1134,887,945,58,93.86243386,,0.160278967,,,
1140,890,950,60,93.68421053,,0.049339614,,,
1179,910,982.5,72.5,92.62086514,,0.707651366,,,
1106,861,921.667,60.6667,93.41768773,,0.001971144,,,
1185,918,987.5,69.5,92.96202532,,0.250059992,,,
1095,860,912.5,52.5,94.24657534,,0.615424619,,,
1266,991,1055,64,93.93364929,,0.222372591,,,
1107,849,922.5,73.5,92.03252033,,2.043656032,,,
1113,854,927.5,73.5,92.0754717,,1.922697295,,,
1185,925,987.5,62.5,93.67088608,,0.043597762,,,
1074,840,895,55,93.8547486,,0.154184466,,,
1134,886,945,59,93.75661376,,0.086747009,,,
1209,951,1007.5,56.5,94.39205955,,0.864852102,,,
1191,931,992.5,61.5,93.80352645,,0.116582054,,,
1095,858,912.5,54.5,94.02739726,,0.319577607,,,
1104,845,920,75,91.84782609,,2.605832824,,,
1116,854,930,76,91.82795699,,2.670375353,,,
1170,917,975,58,94.05128205,,0.347152806,,,
1116,882,930,48,94.83870968,,1.895094662,,,
1179,916,982.5,66.5,93.23155216,,0.05314553,,,
1119,872,932.5,60.5,93.51206434,,0.002497904,,,
1212,955,1010,55,94.55445545,,1.193272524,,,
1200,948,1000,52,94.8,,1.790015731,,,
1113,865,927.5,62.5,93.26145553,,0.040252308,,,
1137,872,947.5,75.5,92.03166227,,2.046110062,,,
1182,928,985,57,94.21319797,,0.564170235,,,
1125,881,937.5,56.5,93.97333333,,0.261374546,,,
1134,881,945,64,93.22751323,,0.05502406,,,
1152,896,960,64,93.33333333,,0.01657707,,,
1137,889,947.5,58.5,93.82585752,,0.132330224,,,
1167,890,972.5,82.5,91.51670951,,3.784486978,,,
1068,815,890,75,91.57303371,,3.568515937,,,
1110,851,925,74,92,,2.13769344,,,
1116,867,930,63,93.22580645,,0.055827697,,,
1098,862,915,53,94.20765027,,0.555867122,,,
1050,831,875,44,94.97142857,,2.278117095,,,
1218,941,1015,74,92.70935961,,0.566595978,,,
1092,854,910,56,93.84615385,,0.147508644,,,
1182,924,985,61,93.8071066,,0.119039693,,,
1170,915,975,60,93.84615385,,0.147508644,,,
1158,906,965,59,93.88601036,,0.179712454,,,
1119,889,932.5,43.5,95.33512064,,3.508261378,,,
1239,966,1032.5,66.5,93.55932203,,0.009454981,,,
1146,899,955,56,94.13612565,,0.454330392,,,
1230,963,1025,62,93.95121951,,0.239252272,,,
1155,895,962.5,67.5,92.98701299,,0.225693708,,,
1269,992,1057.5,65.5,93.80614657,,0.118378155,,,
1149,903,957.5,54.5,94.30809399,,0.715730703,,,
1128,886,940,54,94.25531915,,0.629219931,,,
1167,911,972.5,61.5,93.67609254,,0.045799099,,,
1167,913,972.5,59.5,93.88174807,,0.176116838,,,
1107,837,922.5,85.5,90.73170732,,7.454963958,,,
1131,871,942.5,71.5,92.4137931,,1.09891654,,,
1125,878,937.5,59.5,93.65333333,,0.036575808,,,
1083,849,902.5,53.5,94.07202216,,0.372022968,,,
1185,907,987.5,80.5,91.84810127,,2.604944479,,,
1173,912,977.5,65.5,93.29923274,,0.026520959,,,
1155,913,962.5,49.5,94.85714286,,1.946185573,,,
1092,854,910,56,93.84615385,,0.147508644,,,
1125,876,937.5,61.5,93.44,,0.000487761,,,
1164,912,970,58,94.02061856,,0.311959393,,,
1179,913,982.5,69.5,92.92620865,,0.287163788,,,
1134,888,945,57,93.96825397,,0.256206715,,,
1056,821,880,59,93.29545455,,0.02776581,,,
1212,955,1010,55,94.55445545,,1.193272524,,,
1140,901,950,49,94.84210526,,1.904455084,,,
1182,920,985,65,93.40101523,,0.003729554,,,
1062,814,885,71,91.97740113,,2.2042871,,,
1164,909,970,61,93.71134021,,0.062128006,,,
1128,888,940,52,94.46808511,,1.0120356,,,
1167,914,972.5,58.5,93.98457584,,0.272996354,,,
1119,865,932.5,67.5,92.7613941,,0.490968162,,,
1188,930,990,60,93.93939394,,0.227823532,,,
1059,829,882.5,53.5,93.93767705,,0.226187511,,,
1128,874,940,66,92.9787234,,0.233638727,,,
1134,882,945,63,93.33333333,,0.01657707,,,
1260,994,1050,56,94.66666667,,1.451016256,,,
1170,914,975,61,93.74358974,,0.079244749,,,
1119,854,932.5,78.5,91.58176944,,3.535587764,,,
1110,865,925,60,93.51351351,,0.002644861,,,
1218,961,1015,54,94.67980296,,1.482836276,,,
1149,904,957.5,53.5,94.41253264,,0.903350131,,,
1104,853,920,67,92.7173913,,0.554569155,,,
1185,906,987.5,81.5,91.74683544,,2.94208209,,,
1188,936,990,54,94.54545455,,1.173688911,,,
1242,959,1035,76,92.65700483,,0.64815457,,,
1218,946,1015,69,93.20197044,,0.067659741,,,
1206,948,1005,57,94.32835821,,0.750428744,,,
1206,943,1005,62,93.83084577,,0.135984281,,,
1164,916,970,54,94.43298969,,0.942655326,,,
1170,907,975,68,93.02564103,,0.190483609,,,
1194,938,995,57,94.27135678,,0.654920326,,,
1179,924,982.5,58.5,94.04580153,,0.340724627,,,
1194,943,995,52,94.77386935,,1.720777372,,,
1086,834,905,71,92.15469613,,1.709266449,,,
1158,890,965,75,92.22797927,,1.523017695,,,
1140,889,950,61,93.57894737,,0.013656742,,,
1251,980,1042.5,62.5,94.00479616,,0.294535075,,,
1134,890,945,55,94.17989418,,0.515249581,,,
1203,928,1002.5,74.5,92.56857855,,0.798354315,,,
1158,903,965,62,93.57512953,,0.012778998,,,
1059,835,882.5,47.5,94.61756374,,1.335130412,,,
1230,956,1025,69,93.26829268,,0.03755558,,,
1188,918,990,72,92.72727273,,0.539949525,,,
1068,820,890,70,92.13483146,,1.761602768,,,
1173,919,977.5,58.5,94.01534527,,0.306096587,,,
1065,821,887.5,66.5,92.50704225,,0.912107231,,,
1137,884,947.5,63.5,93.29815303,,0.026873789,,,
1128,881,940,59,93.72340426,,0.068287594,,,
1179,919,982.5,63.5,93.53689567,,0.005596591,,,
1125,882,937.5,55.5,94.08,,0.38181857,,,
1071,823,892.5,69.5,92.21288515,,1.560501018,,,
1155,912,962.5,50.5,94.75324675,,1.667097885,,,
1227,958,1022.5,64.5,93.69193154,,0.052829292,,,
1158,915,965,50,94.81865285,,1.840275503,,,
1125,872,937.5,65.5,93.01333333,,0.201378332,,,
1254,978,1045,67,93.58851675,,0.015984909,,,
1101,856,917.5,61.5,93.29700272,,0.027252258,,,
1107,838,922.5,84.5,90.8401084,,6.874762886,,,
1140,891,950,59,93.78947368,,0.107183151,,,
1098,852,915,63,93.1147541,,0.120638967,,,
1146,901,955,54,94.34554974,,0.780509404,,,
1035,805,862.5,57.5,93.33333333,,0.01657707,,,
1158,911,965,54,94.40414508,,0.887476615,,,
1167,923,972.5,49.5,94.91002571,,2.096531407,,,
1155,900,962.5,62.5,93.50649351,,0.001972088,,,
1203,944,1002.5,58.5,94.16458853,,0.493510779,,,
1203,939,1002.5,63.5,93.66583541,,0.041514106,,,
1149,901,957.5,56.5,94.09921671,,0.405936427,,,
1212,940,1010,70,93.06930693,,0.154274851,,,
1131,891,942.5,51.5,94.53580902,,1.152882613,,,
1182,937,985,48,95.12690355,,2.771619799,,,
1170,923,975,52,94.66666667,,1.451016256,,,
1197,934,997.5,63.5,93.63408521,,0.029583968,,,
1122,874,935,61,93.47593583,,0.000191837,,,
1236,950,1030,80,92.23300971,,1.510626822,,,
1044,797,870,73,91.6091954,,3.433200992,,,
1200,930,1000,70,93,,0.213522829,,,
1188,928,990,62,93.73737374,,0.075783721,,,
1212,940,1010,70,93.06930693,,0.154274851,,,
1221,957,1017.5,60.5,94.05405405,,0.350427,,,
1311,1011,1092.5,81.5,92.54004577,,0.850156911,,,
1158,896,965,69,92.84974093,,0.374965631,,,
1164,912,970,58,94.02061856,,0.311959393,,,
1143,902,952.5,50.5,94.69816273,,1.527887399,,,
1182,927,985,58,94.11167513,,0.421966936,,,
1092,865,910,45,95.05494505,,2.537202182,,,
1080,843,900,57,93.66666667,,0.041853533,,,
1128,873,940,67,92.87234043,,0.347799023,,,
1224,951,1020,69,93.23529412,,0.051434243,,,
1137,887,947.5,60.5,93.61477573,,0.023314364,,,
1167,919,972.5,53.5,94.49871465,,1.074600405,,,
1074,848,895,47,94.74860335,,1.655128685,,,
1155,899,962.5,63.5,93.4025974,,0.003538811,,,
1146,907,955,48,94.97382199,,2.285347803,,,
1194,931,995,64,93.5678392,,0.011183885,,,
1146,892,955,63,93.40314136,,0.003474389,,,
1230,964,1025,61,94.04878049,,0.344211237,,,
1116,871,930,59,93.65591398,,0.037569555,,,
1200,940,1000,60,94,,0.289352219,,,
1152,912,960,48,95,,2.365181608,,,
1101,873,917.5,44.5,95.14986376,,2.848596113,,,
1176,923,980,57,94.18367347,,0.520689479,,,
1212,945,1010,65,93.56435644,,0.010459384,,,
1176,924,980,56,94.28571429,,0.678364698,,,
1140,886,950,64,93.26315789,,0.039572115,,,
1203,938,1002.5,64.5,93.56608479,,0.010815892,,,
1131,872,942.5,70.5,92.5198939,,0.887724646,,,
1362,1052,1135,83,92.68722467,,0.600409005,,,
1230,960,1025,65,93.65853659,,0.038593105,,,
1170,918,975,57,94.15384615,,0.478533072,,,
1152,892,960,68,92.91666667,,0.297481491,,,
1281,991,1067.5,76.5,92.83372365,,0.394838365,,,
1200,929,1000,71,92.9,,0.31593989,,,
1227,952,1022.5,70.5,93.10513447,,0.127413896,,,
1056,827,880,53,93.97727273,,0.26541808,,,
1146,882,955,73,92.35602094,,1.223378375,,,
1092,850,910,60,93.40659341,,0.003079351,,,
1167,923,972.5,49.5,94.91002571,,2.096531407,,,
1182,929,985,56,94.31472081,,0.726987308,,,
1176,921,980,59,93.97959184,,0.26781301,,,
1137,890,947.5,57.5,93.93139842,,0.220254797,,,
1104,871,920,49,94.67391304,,1.468526467,,,
1137,896,947.5,51.5,94.5646438,,1.215635233,,,
1065,825,887.5,62.5,92.95774648,,0.254357652,,,
1167,910,972.5,62.5,93.57326478,,0.012360876,,,
1089,845,907.5,62.5,93.11294766,,0.121897096,,,
1245,975,1037.5,62.5,93.97590361,,0.264009255,,,
1155,882,962.5,80.5,91.63636364,,3.333259612,,,
1212,941,1010,69,93.16831683,,0.086299916,,,
1170,911,975,64,93.43589744,,0.000685804,,,
1242,986,1035,49,95.26570048,,3.25302771,,,
1107,847,922.5,75.5,91.81571816,,2.710524786,,,
1206,921,1005,84,91.64179104,,3.313471195,,,
1233,976,1027.5,51.5,94.98783455,,2.327910758,,,
1137,895,947.5,52.5,94.4591029,,0.994044089,,,
1065,846,887.5,41.5,95.32394366,,3.466516541,,,
1131,868,942.5,74.5,92.09549072,,1.867580771,,,
1134,888,945,57,93.96825397,,0.256206715,,,
1083,856,902.5,46.5,94.84764543,,1.919776858,,,
1188,936,990,54,94.54545455,,1.173688911,,,
1203,933,1002.5,69.5,93.06733167,,0.155830432,,,
1167,921,972.5,51.5,94.70437018,,1.54327171,,,
1074,850,895,45,94.97206704,,2.280044837,,,
1257,981,1047.5,66.5,93.65155131,,0.035897368,,,
1191,928,992.5,64.5,93.50125945,,0.001534613,,,
1125,856,937.5,81.5,91.30666667,,4.645829507,,,
1179,923,982.5,59.5,93.94402036,,0.232261393,,,
1149,889,957.5,68.5,92.845953,,0.379619014,,,
1221,940,1017.5,77.5,92.38329238,,1.163794168,,,
1128,890,940,50,94.68085106,,1.485389974,,,
1194,925,995,70,92.96482412,,0.247268686,,,
1032,815,860,45,94.76744186,,1.703955736,,,
1092,836,910,74,91.86813187,,2.54068756,,,
1200,923,1000,77,92.3,,1.350442257,,,
1245,979,1037.5,58.5,94.36144578,,0.808849269,,,
1167,905,972.5,67.5,93.05912596,,0.162376231,,,
1305,1025,1087.5,62.5,94.25287356,,0.625346069,,,
1140,887,950,63,93.36842105,,0.008772992,,,
1128,885,940,55,94.14893617,,0.471764111,,,
1071,838,892.5,54.5,93.89355742,,0.186168188,,,
1230,949,1025,76,92.58536585,,0.768636997,,,
1263,987,1052.5,65.5,93.77672209,,0.098996307,,,
1143,883,952.5,69.5,92.70341207,,0.575585073,,,
1266,987,1055,68,93.55450237,,0.008540914,,,
1170,921,975,54,94.46153846,,0.998906612,,,
1164,923,970,47,95.15463918,,2.864738603,,,
1107,854,922.5,68.5,92.57452575,,0.787761972,,,
1182,929,985,56,94.31472081,,0.726987308,,,
1086,848,905,57,93.70165746,,0.057394817,,,
1077,829,897.5,68.5,92.36768802,,1.197705413,,,
1170,886,975,89,90.87179487,,6.709604529,,,
1236,929,1030,101,90.19417476,,10.67923935,,,
1089,852,907.5,55.5,93.88429752,,0.178263155,,,
1203,932,1002.5,70.5,92.96758105,,0.244534461,,,
1140,879,950,71,92.52631579,,0.875664587,,,
1230,965,1025,60,94.14634146,,0.46820649,,,
1086,837,905,68,92.48618785,,0.952375852,,,
1215,943,1012.5,69.5,93.13580247,,0.106460489,,,
1167,913,972.5,59.5,93.88174807,,0.176116838,,,
1134,890,945,55,94.17989418,,0.515249581,,,
1131,878,942.5,64.5,93.15649867,,0.093383189,,,
1152,883,960,77,91.97916667,,2.199047689,,,
1095,845,912.5,67.5,92.60273973,,0.738474824,,,
1089,847,907.5,60.5,93.33333333,,0.01657707,,,
1113,861,927.5,66.5,92.83018868,,0.399293346,,,
1197,935,997.5,62.5,93.73433584,,0.074120353,,,
1161,902,967.5,65.5,93.22997416,,0.053875584,,,
1242,974,1035,61,94.10628019,,0.414987054,,,
1077,836,897.5,61.5,93.14763231,,0.098880685,,,
1122,883,935,52,94.43850267,,0.953390878,,,
1200,935,1000,65,93.5,,0.001437524,,,
1155,902,962.5,60.5,93.71428571,,0.063605046,,,
1185,918,987.5,69.5,92.96202532,,0.250059992,,,
1197,940,997.5,57.5,94.23558897,,0.598307923,,,
1209,949,1007.5,58.5,94.19354839,,0.53503824,,,
1125,876,937.5,61.5,93.44,,0.000487761,,,
1125,875,937.5,62.5,93.33333333,,0.01657707,,,
1209,941,1007.5,66.5,93.39950372,,0.003916455,,,
1188,913,990,77,92.22222222,,1.537260465,,,
1173,911,977.5,66.5,93.19693095,,0.070306834,,,
1104,861,920,59,93.58695652,,0.015592821,,,
1020,772,850,78,90.82352941,,6.961977203,,,
1260,990,1050,60,94.28571429,,0.678364698,,,
1149,893,957.5,64.5,93.26370757,,0.039353725,,,
1164,921,970,49,94.94845361,,2.209290732,,,
1260,974,1050,76,92.76190476,,0.490252793,,,
1152,885,960,75,92.1875,,1.6245677,,,
1197,934,997.5,63.5,93.63408521,,0.029583968,,,
1146,909,955,46,95.18324607,,2.96239439,,,
1179,916,982.5,66.5,93.23155216,,0.05314553,,,
1203,942,1002.5,60.5,93.96508728,,0.253010988,,,
1155,904,962.5,58.5,93.92207792,,0.211593208,,,
1089,848,907.5,59.5,93.44352617,,0.000344441,,,
1125,865,937.5,72.5,92.26666667,,1.429025721,,,
1107,876,922.5,46.5,94.95934959,,2.241800349,,,
1236,976,1030,54,94.75728155,,1.677533321,,,
1128,868,940,72,92.34042553,,1.258120647,,,
1116,871,930,59,93.65591398,,0.037569555,,,
1116,878,930,52,94.40860215,,0.895894138,,,
1113,855,927.5,72.5,92.18328841,,1.6353215,,,
1104,869,920,51,94.45652174,,0.988903821,,,
1140,878,950,72,92.42105263,,1.083749028,,,
1065,817,887.5,70.5,92.05633803,,1.976125407,,,
1209,936,1007.5,71.5,92.90322581,,0.312323939,,,
1065,823,887.5,64.5,92.73239437,,0.532448866,,,
1188,912,990,78,92.12121212,,1.797940896,,,
1158,898,965,67,93.05699482,,0.164098302,,,
1182,914,985,71,92.79187817,,0.449177601,,,
1110,844,925,81,91.24324324,,4.923260096,,,
1125,882,937.5,55.5,94.08,,0.38181857,,,
1059,832,882.5,50.5,94.2776204,,0.665097485,,,
1206,947,1005,58,94.22885572,,0.587936871,,,
1224,935,1020,85,91.66666667,,3.223528088,,,
1167,913,972.5,59.5,93.88174807,,0.176116838,,,
1218,939,1015,76,92.51231527,,0.902063118,,,
1116,870,930,60,93.5483871,,0.007447999,,,
1176,919,980,61,93.7755102,,0.098235167,,,
1077,838,897.5,59.5,93.37047354,,0.008392716,,,
1149,888,957.5,69.5,92.74151436,,0.519222487,,,
1149,890,957.5,67.5,92.95039164,,0.261830402,,,
1068,829,890,61,93.14606742,,0.099867306,,,
1233,968,1027.5,59.5,94.20924574,,0.558248718,,,
1146,882,955,73,92.35602094,,1.223378375,,,
1218,954,1015,61,93.99014778,,0.278849981,,,
1164,897,970,73,92.4742268,,0.975864418,,,
1287,1009,1072.5,63.5,94.07925408,,0.380897296,,,
1263,989,1052.5,63.5,93.96674584,,0.254682259,,,
1224,933,1020,87,91.47058824,,3.966060579,,,
1110,854,925,71,92.32432432,,1.29450005,,,
1221,945,1017.5,72.5,92.87469287,,0.345029867,,,
1047,816,872.5,56.5,93.5243553,,0.003877552,,,
1206,910,1005,95,90.54726368,,8.496185097,,,
1206,938,1005,67,93.33333333,,0.01657707,,,
1236,960,1030,70,93.2038835,,0.066668175,,,
1062,826,885,59,93.33333333,,0.01657707,,,
1224,961,1020,59,94.21568627,,0.567914421,,,
1212,937,1010,73,92.77227723,,0.475835184,,,
1161,903,967.5,64.5,93.33333333,,0.01657707,,,
1251,966,1042.5,76.5,92.6618705,,0.640343729,,,
1059,829,882.5,53.5,93.93767705,,0.226187511,,,
1149,894,957.5,63.5,93.36814621,,0.008824553,,,
1200,939,1000,61,93.9,,0.19176928,,,
1239,967,1032.5,65.5,93.65617433,,0.037670551,,,
1155,903,962.5,59.5,93.81818182,,0.126804727,,,
1242,970,1035,65,93.71980676,,0.06642035,,,
1146,888,955,67,92.98429319,,0.228285302,,,
1266,988,1055,67,93.6492891,,0.035045261,,,
1116,874,930,56,93.97849462,,0.266678584,,,
1146,879,955,76,92.04188482,,2.016969427,,,
1182,929,985,56,94.31472081,,0.726987308,,,
1179,918,982.5,64.5,93.4351145,,0.000727424,,,
1290,1005,1075,70,93.48837209,,0.000690995,,,
1173,905,977.5,72.5,92.5831202,,0.772579648,,,
1203,939,1002.5,63.5,93.66583541,,0.041514106,,,
1074,837,895,58,93.51955307,,0.003302544,,,
1212,936,1010,74,92.67326733,,0.622233803,,,
1119,878,932.5,54.5,94.15549598,,0.480818362,,,
1182,931,985,54,94.5177665,,1.11446278,,,
1179,929,982.5,53.5,94.55470738,,1.193822996,,,
1116,878,930,52,94.40860215,,0.895894138,,,
1149,908,957.5,49.5,94.83028721,,1.871976442,,,
1122,884,935,51,94.54545455,,1.173688911,,,
1137,899,947.5,48.5,94.88126649,,2.014075237,,,
1260,987,1050,63,94,,0.289352219,,,
1197,942,997.5,55.5,94.43609023,,0.948685585,,,
1158,887,965,78,91.91709845,,2.386984396,,,
1086,833,905,72,92.0441989,,2.010401872,,,
1107,861,922.5,61.5,93.33333333,,0.01657707,,,
1167,915,972.5,57.5,94.0874036,,0.391022969,,,
1179,924,982.5,58.5,94.04580153,,0.340724627,,,
1110,872,925,53,94.27027027,,0.653162938,,,
1275,992,1062.5,70.5,93.36470588,,0.009482752,,,
1134,881,945,64,93.22751323,,0.05502406,,,
1143,887,952.5,65.5,93.12335958,,0.114735117,,,
1086,847,905,58,93.59116022,,0.016660334,,,
1128,883,940,57,93.93617021,,0.2247565,,,
1131,871,942.5,71.5,92.4137931,,1.09891654,,,
1185,925,987.5,62.5,93.67088608,,0.043597762,,,
1107,869,922.5,53.5,94.20054201,,0.545318298,,,
1206,954,1005,51,94.92537313,,2.141211271,,,
1140,894,950,56,94.10526316,,0.41367775,,,
1170,916,975,59,93.94871795,,0.23681133,,,
1188,914,990,76,92.32323232,,1.296986115,,,
1233,956,1027.5,71.5,93.04136253,,0.177007653,,,
1251,987,1042.5,55.5,94.67625899,,1.474217744,,,
1128,862,940,78,91.70212766,,3.097450914,,,
1179,907,982.5,75.5,92.31552163,,1.314608265,,,
1191,935,992.5,57.5,94.20654912,,0.554226369,,,
1119,879,932.5,53.5,94.26273458,,0.641039268,,,
1209,955,1007.5,52.5,94.78908189,,1.760919925,,,
1200,941,1000,59,94.1,,0.406935158,,,
1167,886,972.5,86.5,91.10539846,,5.553972898,,,
1119,875,932.5,57.5,93.83378016,,0.138157066,,,
1152,908,960,52,94.58333333,,1.257197141,,,
1194,929,995,66,93.36683417,,0.009072779,,,
1125,873,937.5,64.5,93.12,,0.117022356,,,
1230,954,1025,71,93.07317073,,0.151254545,,,
1179,919,982.5,63.5,93.53689567,,0.005596591,,,
1104,862,920,58,93.69565217,,0.054553482,,,
1197,925,997.5,72.5,92.73182957,,0.533273433,,,
1170,921,975,54,94.46153846,,0.998906612,,,
1086,845,905,60,93.37016575,,0.008449205,,,
1071,845,892.5,47.5,94.67787115,,1.478135217,,,
1227,963,1022.5,59.5,94.1809291,,0.516736395,,,
1200,928,1000,72,92.8,,0.438356951,,,
1218,945,1015,70,93.10344828,,0.128620519,,,
1101,856,917.5,61.5,93.29700272,,0.027252258,,,
1134,878,945,67,92.91005291,,0.304739765,,,
1077,831,897.5,66.5,92.59052925,,0.759609961,,,
1155,906,962.5,56.5,94.12987013,,0.445936572,,,
1155,878,962.5,84.5,91.22077922,,5.023452964,,,
1155,906,962.5,56.5,94.12987013,,0.445936572,,,
1140,879,950,71,92.52631579,,0.875664587,,,
1107,862,922.5,60.5,93.44173442,,0.000414159,,,
1170,916,975,59,93.94871795,,0.23681133,,,
1089,845,907.5,62.5,93.11294766,,0.121897096,,,
1209,946,1007.5,61.5,93.89578164,,0.188092509,,,
1167,909,972.5,63.5,93.47043702,,6.97511E-05,,,
1146,891,955,64,93.29842932,,0.026783282,,,
1041,825,867.5,42.5,95.10086455,,2.685597424,,,
1200,943,1000,57,94.3,,0.702101036,,,
1149,875,957.5,82.5,91.38381201,,4.319219888,,,
1182,912,985,73,92.58883249,,0.762570484,,,
1149,900,957.5,57.5,93.99477807,,0.283761579,,,
1146,895,955,60,93.71727749,,0.06512305,,,
1149,889,957.5,68.5,92.845953,,0.379619014,,,
1053,821,877.5,56.5,93.56125356,,0.009834343,,,
1173,903,977.5,74.5,92.37851662,,1.174121087,,,
1338,1043,1115,72,93.5426009,,0.00648276,,,
1143,886,952.5,66.5,93.0183727,,0.196880873,,,
1257,975,1047.5,72.5,93.07875895,,0.146939095,,,
1239,970,1032.5,62.5,93.94673123,,0.234881677,,,
1167,909,972.5,63.5,93.47043702,,6.97511E-05,,,
1104,867,920,53,94.23913043,,0.603799133,,,
1080,833,900,67,92.55555556,,0.821796187,,,
1179,917,982.5,65.5,93.33333333,,0.01657707,,,
1260,972,1050,78,92.57142857,,0.793269417,,,
1179,924,982.5,58.5,94.04580153,,0.340724627,,,
1104,869,920,51,94.45652174,,0.988903821,,,
1146,892,955,63,93.40314136,,0.003474389,,,
1092,845,910,65,92.85714286,,0.365955365,,,
1125,874,937.5,63.5,93.22666667,,0.055421935,,,
1182,925,985,60,93.90862944,,0.199401666,,,
1251,971,1042.5,71.5,93.14148681,,0.102783395,,,
1020,788,850,62,92.70588235,,0.571842905,,,
1062,812,885,73,91.75141243,,2.926401688,,,
1125,881,937.5,56.5,93.97333333,,0.261374546,,,
1209,936,1007.5,71.5,92.90322581,,0.312323939,,,
1116,871,930,59,93.65591398,,0.037569555,,,
1188,921,990,69,93.03030303,,0.186435933,,,
1065,827,887.5,60.5,93.18309859,,0.077833586,,,
1074,827,895,68,92.40223464,,1.123283439,,,
1173,908,977.5,69.5,92.89002558,,0.327252334,,,
1212,961,1010,49,95.14851485,,2.844044615,,,
1164,904,970,66,93.19587629,,0.07086724,,,
1230,951,1025,74,92.7804878,,0.464575152,,,
1143,891,952.5,61.5,93.54330709,,0.006596978,,,
1206,945,1005,60,94.02985075,,0.322357596,,,
1155,901,962.5,61.5,93.61038961,,0.021994167,,,
1194,923,995,72,92.7638191,,0.4875757,,,
1083,839,902.5,63.5,92.96398892,,0.248100009,,,
1131,886,942.5,56.5,94.00530504,,0.29508768,,,
1089,848,907.5,59.5,93.44352617,,0.000344441,,,
1068,836,890,54,93.93258427,,0.221369276,,,
1119,887,932.5,45.5,95.12064343,,2.750815059,,,
1158,908,965,57,94.09326425,,0.398386859,,,
1095,868,912.5,44.5,95.12328767,,2.759593301,,,
1116,869,930,61,93.44086022,,0.000450504,,,
1134,887,945,58,93.86243386,,0.160278967,,,
1089,846,907.5,61.5,93.2231405,,0.057094622,,,
1134,868,945,77,91.85185185,,2.592851774,,,
1161,882,967.5,85.5,91.1627907,,5.286755692,,,
1104,857,920,63,93.15217391,,0.096045071,,,
1155,891,962.5,71.5,92.57142857,,0.793269417,,,
1128,888,940,52,94.46808511,,1.0120356,,,
1275,1003,1062.5,59.5,94.4,,0.879683975,,,
1176,911,980,69,92.95918367,,0.252910051,,,
1101,851,917.5,66.5,92.7520436,,0.504159228,,,
1008,781,840,59,92.97619048,,0.236093785,,,
1230,970,1025,55,94.63414634,,1.373727073,,,
1104,866,920,54,94.13043478,,0.446691024,,,
1110,876,925,49,94.7027027,,1.539131527,,,
1089,859,907.5,48.5,94.65564738,,1.424590433,,,
1242,943,1035,92,91.11111111,,5.527079661,,,
1032,807,860,53,93.8372093,,0.140718013,,,
1098,857,915,58,93.66120219,,0.039647532,,,
1155,909,962.5,53.5,94.44155844,,0.959367625,,,
1140,880,950,70,92.63157895,,0.68974081,,,
1146,890,955,65,93.19371728,,0.072021398,,,
1152,899,960,61,93.64583333,,0.033763338,,,
1278,997,1065,68,93.61502347,,0.023390084,,,
1167,906,972.5,66.5,93.16195373,,0.090078964,,,
1254,982,1045,63,93.97129187,,0.259291322,,,
1152,911,960,49,94.89583333,,2.055633408,,,
1113,874,927.5,53.5,94.23180593,,0.59246984,,,
1113,878,927.5,49.5,94.66307278,,1.442370906,,,
1176,925,980,55,94.3877551,,0.856864573,,,
1272,992,1060,68,93.58490566,,0.01508484,,,
1158,905,965,60,93.78238342,,0.102590882,,,
1098,862,915,53,94.20765027,,0.555867122,,,
1155,888,962.5,74.5,92.25974026,,1.445633608,,,
1296,1019,1080,61,94.35185185,,0.791684508,,,
1086,824,905,81,91.04972376,,5.81948824,,,
1083,826,902.5,76.5,91.52354571,,3.757935776,,,
1023,796,852.5,56.5,93.37243402,,0.008037353,,,
1209,946,1007.5,61.5,93.89578164,,0.188092509,,,
1107,877,922.5,45.5,95.06775068,,2.578161288,,,
1227,947,1022.5,75.5,92.61613692,,0.715628672,,,
1128,880,940,60,93.61702128,,0.024005155,,,
1146,893,955,62,93.5078534,,0.002094719,,,
1125,867,937.5,70.5,92.48,,0.964491547,,,
1158,912,965,53,94.50777202,,1.093460707,,,
1173,904,977.5,73.5,92.48081841,,0.962884711,,,
1200,932,1000,68,93.2,,0.068688707,,,
1146,910,955,45,95.28795812,,3.333811518,,,
1173,910,977.5,67.5,93.09462916,,0.135024022,,,
1167,916,972.5,56.5,94.19023136,,0.530196681,,,
1176,918,980,62,93.67346939,,0.04468323,,,
1131,877,942.5,65.5,93.05039788,,0.169486538,,,
1209,949,1007.5,58.5,94.19354839,,0.53503824,,,
1179,922,982.5,60.5,93.84223919,,0.144516973,,,
1119,878,932.5,54.5,94.15549598,,0.480818362,,,
1074,841,895,54,93.96648045,,0.254414459,,,
1182,929,985,56,94.31472081,,0.726987308,,,
1140,877,950,73,92.31578947,,1.313994133,,,
1146,880,955,75,92.14659686,,1.730509853,,,
1176,907,980,73,92.55102041,,0.830039247,,,
1131,888,942.5,54.5,94.21750663,,0.57066138,,,
1182,922,985,63,93.60406091,,0.020157073,,,
1263,985,1052.5,67.5,93.58669834,,0.015528408,,,
1164,898,970,72,92.57731959,,0.782810375,,,
1236,977,1030,53,94.85436893,,1.938453698,,,
1137,879,947.5,68.5,92.77044855,,0.478361403,,,
1224,967,1020,53,94.80392157,,1.800524558,,,
1176,922,980,58,94.08163265,,0.383838916,,,
1197,936,997.5,61.5,93.83458647,,0.138757115,,,
1182,918,985,67,93.19796954,,0.069757136,,,
1077,818,897.5,79.5,91.14206128,,5.382511471,,,
1140,870,950,80,91.57894737,,3.546208489,,,
1056,826,880,54,93.86363636,,0.161243253,,,
1065,817,887.5,70.5,92.05633803,,1.976125407,,,
1275,985,1062.5,77.5,92.70588235,,0.571842905,,,
1074,845,895,50,94.41340782,,0.905014529,,,
1055,832,879.167,47.1667,94.63503521,,1.375811478,,,
1095,860,912.5,52.5,94.24657534,,0.615424619,,,
1212,939,1010,71,92.97029703,,0.241855708,,,
1215,947,1012.5,65.5,93.5308642,,0.004730536,,,
1149,927,957.5,30.5,96.81462141,,11.23949833,,,
1203,921,1002.5,81.5,91.87032419,,2.533703449,,,
1227,950,1022.5,72.5,92.90953545,,0.30531134,,,
1215,932,1012.5,80.5,92.04938272,,1.995728605,,,
1170,909,975,66,93.23076923,,0.053507126,,,
1272,986,1060,74,93.01886792,,0.196441647,,,
1062,832,885,53,94.01129944,,0.30163616,,,
1110,854,925,71,92.32432432,,1.29450005,,,
1140,897,950,53,94.42105263,,0.919618333,,,
1176,917,980,63,93.57142857,,0.01195595,,,
1203,935,1002.5,67.5,93.26683292,,0.038123495,,,
1245,971,1037.5,66.5,93.59036145,,0.016454768,,,
1224,951,1020,69,93.23529412,,0.051434243,,,
1077,827,897.5,70.5,92.1448468,,1.735117288,,,
1128,878,940,62,93.40425532,,0.003344307,,,
1155,866,962.5,96.5,89.97402597,,12.1665579,,,
1263,988,1052.5,64.5,93.87173397,,0.167812026,,,
1179,910,982.5,72.5,92.62086514,,0.707651366,,,
1104,850,920,70,92.39130435,,1.146571859,,,
1194,923,995,72,92.7638191,,0.4875757,,,
1065,839,887.5,48.5,94.53521127,,1.151599331,,,
1089,852,907.5,55.5,93.88429752,,0.178263155,,,
1116,880,930,50,94.62365591,,1.349246279,,,
1116,879,930,51,94.51612903,,1.111008179,,,
1146,879,955,76,92.04188482,,2.016969427,,,
1188,924,990,66,93.33333333,,0.01657707,,,
1140,884,950,66,93.05263158,,0.167652354,,,
1092,830,910,80,91.20879121,,5.077334285,,,
1149,900,957.5,57.5,93.99477807,,0.283761579,,,
1113,835,927.5,92.5,90.02695418,,11.80012586,,,
1116,881,930,49,94.7311828,,1.61060844,,,
1218,938,1015,77,92.4137931,,1.09891654,,,
1149,902,957.5,55.5,94.20365535,,0.549926135,,,
1353,1054,1127.5,73.5,93.48115299,,0.000363577,,,
1116,867,930,63,93.22580645,,0.055827697,,,
1155,902,962.5,60.5,93.71428571,,0.063605046,,,
1164,894,970,76,92.16494845,,1.682564012,,,
1125,879,937.5,58.5,93.76,,0.088753165,,,
1107,860,922.5,62.5,93.22493225,,0.056241572,,,
1122,873,935,62,93.36898396,,0.008667861,,,
1197,933,997.5,64.5,93.53383459,,0.005147959,,,
1047,820,872.5,52.5,93.98280802,,0.271152149,,,
1221,949,1017.5,68.5,93.26781327,,0.037741625,,,
1155,885,962.5,77.5,91.94805195,,2.292297007,,,
1134,896,945,49,94.81481481,,1.829877126,,,
1239,964,1032.5,68.5,93.36561743,,0.00930605,,,
1104,866,920,54,94.13043478,,0.446691024,,,
1149,893,957.5,64.5,93.26370757,,0.039353725,,,
1200,929,1000,71,92.9,,0.31593989,,,
1158,918,965,47,95.12953368,,2.780384078,,,
1230,956,1025,69,93.26829268,,0.03755558,,,
1251,971,1042.5,71.5,93.14148681,,0.102783395,,,
1215,961,1012.5,51.5,94.91358025,,2.106837566,,,
1206,948,1005,57,94.32835821,,0.750428744,,,
1101,850,917.5,67.5,92.64305177,,0.67081593,,,
1227,965,1022.5,57.5,94.37652812,,0.836205657,,,
1164,903,970,67,93.09278351,,0.13638382,,,
1098,860,915,55,93.98907104,,0.277713963,,,
1161,901,967.5,66.5,93.12661499,,0.112540334,,,
1155,899,962.5,63.5,93.4025974,,0.003538811,,,
1176,907,980,73,92.55102041,,0.830039247,,,
1065,827,887.5,60.5,93.18309859,,0.077833586,,,
1104,859,920,61,93.36956522,,0.008559967,,,
1167,900,972.5,72.5,92.54498715,,0.841069033,,,
1152,893,960,67,93.02083333,,0.194703303,,,
1140,880,950,70,92.63157895,,0.68974081,,,
1155,902,962.5,60.5,93.71428571,,0.063605046,,,
1155,898,962.5,64.5,93.2987013,,0.026694334,,,
1080,826,900,74,91.77777778,,2.836891847,,,
1185,933,987.5,54.5,94.48101266,,1.038212951,,,
1107,844,922.5,78.5,91.49051491,,3.887089842,,,
1236,971,1030,59,94.27184466,,0.655710213,,,
1086,855,905,50,94.47513812,,1.026276009,,,
1275,986,1062.5,76.5,92.8,,0.438356951,,,
1176,924,980,56,94.28571429,,0.678364698,,,
1191,922,992.5,70.5,92.89672544,,0.319631776,,,
1266,994,1055,61,94.21800948,,0.571421356,,,
1161,893,967.5,74.5,92.2997416,,1.351042884,,,
1134,887,945,58,93.86243386,,0.160278967,,,
1158,903,965,62,93.57512953,,0.012778998,,,
1209,936,1007.5,71.5,92.90322581,,0.312323939,,,
1155,900,962.5,62.5,93.50649351,,0.001972088,,,
1209,954,1007.5,53.5,94.6898263,,1.507347957,,,
1107,870,922.5,52.5,94.30894309,,0.717168107,,,
1281,1012,1067.5,55.5,94.80093677,,1.79252324,,,
1167,906,972.5,66.5,93.16195373,,0.090078964,,,
1038,800,865,65,92.48554913,,0.953622896,,,
1116,872,930,58,93.76344086,,0.090815171,,,
1149,880,957.5,77.5,91.90600522,,2.421385226,,,
1140,874,950,76,92,,2.13769344,,,
1203,946,1002.5,56.5,94.36408978,,0.813612065,,,
1107,853,922.5,69.5,92.46612466,,0.991937604,,,
1203,949,1002.5,53.5,94.66334165,,1.443016796,,,
1056,829,880,51,94.20454545,,0.551247073,,,
1050,819,875,56,93.6,,0.019020463,,,
1127,888,939.167,51.1667,94.55187416,,1.18763975,,,
1104,857,920,63,93.15217391,,0.096045071,,,
1143,905,952.5,47.5,95.01312336,,2.405719046,,,
1161,911,967.5,56.5,94.16020672,,0.487373507,,,
1209,947,1007.5,60.5,93.99503722,,0.284037744,,,
1113,861,927.5,66.5,92.83018868,,0.399293346,,,
1089,847,907.5,60.5,93.33333333,,0.01657707,,,
1101,856,917.5,61.5,93.29700272,,0.027252258,,,
,,,,93462.08531,,885.8845901,,,