m,R : score,5m/6,gap,a : R/(5m/6)*100,a's average,(ave-a)^2,S : standard deviation,É¢: 1.96*S/Å„1000,confidence interval
1221,717,1017.5,300.5,70.46683047,69.07831319,1.927980228,1.073560223,0.066539952,69.07831319Å}0.066539952
1261,722,1050.83,328.833,68.70759305,,0.137433426,,,
1366,781,1138.33,357.333,68.6092785,,0.219993536,,,69.01177324
1392,824,1160,336,71.03448276,,3.826599381,,,to
1296,728,1080,352,67.40740741,,2.791926134,,,69.14485314
1290,749,1075,326,69.6744186,,0.355341665,,,
1261,709,1050.83,341.833,67.47047572,,2.585141333,,,
1313,752,1094.17,342.167,68.7278942,,0.122793467,,,
1247,714,1039.17,325.167,68.70868097,,0.136627981,,,
1331,759,1109.17,350.167,68.42954642,,0.420898325,,,
1304,713,1086.67,373.667,65.61329566,,12.00634645,,,
1256,716,1046.67,330.667,68.40742545,,0.450090354,,,
1256,709,1046.67,337.667,67.73863778,,1.794730217,,,
1285,744,1070.83,326.833,69.4788155,,0.160402099,,,
1204,695,1003.33,308.333,69.26933312,,0.036488614,,,
1277,734,1064.17,330.167,68.97394213,,0.010893317,,,
1349,797,1124.17,327.167,70.89675049,,3.306714219,,,
1260,691,1050,359,65.80952381,,10.68498401,,,
1256,713,1046.67,333.667,68.12080216,,0.916827367,,,
1276,727,1063.33,336.333,68.37012028,,0.501537194,,,
1268,731,1056.67,325.667,69.17959249,,0.010257497,,,
1348,786,1123.33,337.333,69.97053404,,0.79605804,,,
1221,709,1017.5,308.5,69.68058968,,0.362736971,,,
1283,732,1069.17,337.167,68.46432279,,0.376984208,,,
1322,776,1101.67,325.667,70.43851607,,1.850151878,,,
1346,787,1121.67,334.667,70.16323874,,1.177063454,,,
1370,805,1141.67,336.667,70.51074303,,2.051855259,,,
1399,794,1165.83,371.833,68.10598458,,0.945422931,,,
1320,761,1100,339,69.18181818,,0.010713283,,,
1296,724,1080,356,67.03703704,,4.166808333,,,
1298,748,1081.67,333.667,69.15232927,,0.00547838,,,
1300,752,1083.33,331.333,69.4155982,,0.113761179,,,
1342,780,1118.33,338.333,69.74685469,,0.446947731,,,
1379,802,1149.17,347.167,69.78950025,,0.505787031,,,
1265,735,1054.17,319.167,69.72309969,,0.41574963,,,
1322,747,1101.67,354.667,67.80614885,,1.618402116,,,
1315,762,1095.83,333.833,69.53633319,,0.209782321,,,
1365,796,1137.5,341.5,69.97802198,,0.809475903,,,
1246,730,1038.33,308.333,70.30520162,,1.505255224,,,
1280,742,1066.67,324.667,69.56228262,,0.234226407,,,
1310,756,1091.67,335.667,69.25169694,,0.030061925,,,
1308,761,1090,329,69.81651376,,0.544940084,,,
1311,751,1092.5,341.5,68.74141876,,0.113497854,,,
1287,758,1072.5,314.5,70.67599068,,2.552573349,,,
1243,707,1035.83,328.833,68.2544433,,0.678761601,,,
1288,740,1073.33,333.333,68.94431349,,0.017955919,,,
1251,714,1042.5,328.5,68.48920863,,0.347044179,,,
1304,734,1086.67,352.667,67.54580507,,2.348581125,,,
1259,723,1049.17,326.167,68.91161585,,0.027788004,,,
1287,729,1072.5,343.5,67.97202797,,1.223866984,,,
1306,747,1088.33,341.333,68.63726995,,0.194519143,,,
1319,748,1099.17,351.167,68.05134784,,1.05465784,,,
1249,684,1040.83,356.833,65.71678372,,11.29988037,,,
1275,719,1062.5,343.5,67.67058824,,1.981689548,,,
1275,725,1062.5,337.5,68.23529412,,0.710681156,,,
1317,760,1097.5,337.5,69.24829157,,0.02889265,,,
1297,746,1080.83,334.833,69.02103013,,0.003281348,,,
1265,716,1054.17,338.167,67.92073385,,1.339989934,,,
1306,756,1088.33,332.333,69.46422501,,0.148927929,,,
1266,729,1055,326,69.09952607,,0.000449986,,,
1241,715,1034.17,319.167,69.13756926,,0.003511282,,,
1357,773,1130.83,357.833,68.35687062,,0.520479386,,,
1232,701,1026.67,325.667,68.27899909,,0.638903024,,,
1264,714,1053.33,339.333,67.78502464,,1.672595284,,,
1344,770,1120,350,68.75,,0.107789551,,,
1254,718,1045,327,68.70813397,,0.137032654,,,
1277,739,1064.17,325.167,69.44379188,,0.133574669,,,
1310,762,1091.67,329.667,69.80131358,,0.522729569,,,
1269,733,1057.5,324.5,69.3144208,,0.055746805,,,
1308,752,1090,338,68.99082569,,0.007654063,,,
1331,760,1109.17,349.167,68.51970392,,0.312044313,,,
1252,721,1043.33,322.333,69.10565209,,0.000747416,,,
1293,746,1077.5,331.5,69.23433875,,0.024343974,,,
1335,742,1112.5,370.5,66.69662921,,5.672418564,,,
1317,750,1097.5,347.5,68.33712984,,0.549352758,,,
1276,734,1063.33,329.333,69.02842956,,0.002488377,,,
1252,754,1043.33,289.333,72.2686015,,10.17793948,,,
1241,704,1034.17,330.167,68.07391435,,1.008817036,,,
1243,724,1035.83,311.833,69.89563925,,0.668021882,,,
1189,667,990.833,323.833,67.31709582,,3.101886634,,,
1254,713,1045,332,68.22966507,,0.720203629,,,
1348,774,1123.33,349.333,68.90228161,,0.030987117,,,
1324,762,1103.33,341.333,69.06365276,,0.000214928,,,
1215,700,1012.5,312.5,69.13580247,,0.003305017,,,
1236,697,1030,333,67.66990291,,1.983619509,,,
1332,755,1110,355,68.01801802,,1.124225852,,,
1335,782,1112.5,330.5,70.29213483,,1.473362977,,,
1370,788,1141.67,353.667,69.02169629,,0.003205474,,,
1338,765,1115,350,68.60986547,,0.219443266,,,
1303,734,1085.83,351.833,67.59805863,,2.191153568,,,
1294,740,1078.33,338.333,68.62463253,,0.205826138,,,
1306,737,1088.33,351.333,67.71843099,,1.849279596,,,
1307,743,1089.17,346.167,68.21708273,,0.741717901,,,
1243,736,1035.83,299.833,71.0541305,,3.903854058,,,
1291,755,1075.83,320.833,70.17837391,,1.21013358,,,
1269,734,1057.5,323.5,69.40898345,,0.109342822,,,
1377,783,1147.5,364.5,68.23529412,,0.710681156,,,
1252,709,1043.33,334.333,67.95548868,,1.26073489,,,
1258,716,1048.33,332.333,68.29910429,,0.60716651,,,
1315,759,1095.83,336.833,69.2625681,,0.033949872,,,
1322,740,1101.67,361.667,67.17074986,,3.638797852,,,
1319,739,1099.17,360.167,67.2325482,,3.406848415,,,
1265,734,1054.17,320.167,69.62823833,,0.302417659,,,
1299,758,1082.5,324.5,70.02309469,,0.892612079,,,
1346,764,1121.67,357.667,68.11272478,,0.932360984,,,
1336,776,1113.33,337.333,69.70080749,,0.38749915,,,
1356,773,1130,357,68.40707965,,0.450554471,,,
1339,765,1115.83,350.833,68.55883065,,0.269862113,,,
1310,777,1091.67,314.667,71.17535519,,4.397585149,,,
1264,730,1053.33,323.333,69.30401678,,0.050942113,,,
1290,743,1075,332,69.11627907,,0.001441408,,,
1278,735,1065,330,69.01408451,,0.004125324,,,
1266,734,1055,321,69.57345972,,0.245170082,,,
1294,740,1078.33,338.333,68.62463253,,0.205826138,,,
1306,761,1088.33,327.333,69.92364448,,0.714584995,,,
1287,730,1072.5,342.5,68.06526807,,1.026260425,,,
1233,694,1027.5,333.5,67.54257908,,2.358479271,,,
1300,744,1083.33,339.333,68.67713439,,0.160944429,,,
1296,748,1080,332,69.25925926,,0.03274148,,,
1295,741,1079.17,338.167,68.66388057,,0.171754392,,,
1335,767,1112.5,345.5,68.94382022,,0.018088358,,,
1344,755,1120,365,67.41071429,,2.780886106,,,
1290,726,1075,349,67.53488372,,2.382174526,,,
1240,715,1033.33,318.333,69.19377159,,0.013330643,,,
1200,704,1000,296,70.4,,1.746856024,,,
1348,761,1123.33,362.333,67.74500815,,1.777702342,,,
1279,752,1065.83,313.833,70.55534185,,2.181613651,,,
1238,722,1031.67,309.667,69.98361879,,0.819578235,,,
1299,758,1082.5,324.5,70.02309469,,0.892612079,,,
1281,723,1067.5,344.5,67.72833724,,1.822435075,,,
1347,779,1122.5,343.5,69.3986637,,0.102624447,,,
1358,788,1131.67,343.667,69.63160639,,0.306133362,,,
1288,753,1073.33,320.333,70.15549738,,1.160325773,,,
1322,754,1101.67,347.667,68.44154783,,0.405470121,,,
1271,729,1059.17,330.167,68.82747812,,0.062918233,,,
1198,674,998.333,324.333,67.51254341,,2.451635004,,,
1322,776,1101.67,325.667,70.43851607,,1.850151878,,,
1309,756,1090.83,334.833,69.30502461,,0.05139807,,,
1275,732,1062.5,330.5,68.89411765,,0.033927998,,,
1261,734,1050.83,316.833,69.8495475,,0.594802362,,,
1243,710,1035.83,325.833,68.54406611,,0.285419941,,,
1302,754,1085,331,69.49308756,,0.172037776,,,
1327,767,1105.83,338.833,69.35966649,,0.079159682,,,
1196,690,996.667,306.667,69.23074608,,0.023235785,,,
1369,791,1140.83,349.833,69.33548381,,0.06613673,,,
1306,766,1088.33,322.333,70.38306396,,1.702374573,,,
1321,757,1100.83,343.833,68.76629452,,0.097355648,,,
1362,809,1135,326,71.27753304,,4.836567947,,,
1329,784,1107.5,323.5,70.79006772,,2.930103571,,,
1320,770,1100,330,70,,0.849506576,,,
1278,743,1065,322,69.76525822,,0.471893469,,,
1299,753,1082.5,329.5,69.56120092,,0.233180563,,,
1348,779,1123.33,344.333,69.34738679,,0.072400601,,,
1338,762,1115,353,68.34080717,,0.543915122,,,
1328,769,1106.67,337.667,69.48774251,,0.167632365,,,
1185,675,987.5,312.5,68.35443038,,0.524006323,,,
1369,784,1140.83,356.833,68.72189546,,0.127033597,,,
1322,773,1101.67,328.667,70.16620222,,1.183502542,,,
1304,750,1086.67,336.667,69.0181932,,0.003614414,,,
1335,765,1112.5,347.5,68.76404494,,0.098764531,,,
1357,786,1130.83,344.833,69.5064687,,0.183317141,,,
1257,727,1047.5,320.5,69.40334129,,0.105643265,,,
1279,750,1065.83,315.833,70.36769466,,1.662504576,,,
1372,783,1143.33,360.333,68.48416468,,0.353012456,,,
1309,743,1090.83,347.833,68.11327155,,0.931305376,,,
1337,776,1114.17,338.167,69.64825834,,0.324837479,,,
1357,787,1130.83,343.833,69.59489932,,0.266861232,,,
1322,747,1101.67,354.667,67.80614885,,1.618402116,,,
1258,728,1048.33,320.333,69.44378202,,0.133567462,,,
1317,757,1097.5,340.5,68.97494305,,0.010685385,,,
1322,766,1101.67,335.667,69.53080324,,0.204747241,,,
1298,751,1081.67,330.667,69.42967818,,0.123457358,,,
1229,714,1024.17,310.167,69.71498872,,0.405355734,,,
1297,719,1080.83,361.833,66.52294996,,6.529881262,,,
1301,734,1084.17,350.167,67.70155972,,1.895450121,,,
1343,804,1119.17,315.167,71.83895208,,7.621127084,,,
1356,793,1130,337,70.17699115,,1.207093261,,,
1284,739,1070,331,69.06542056,,0.00016622,,,
1219,714,1015.83,301.833,70.28735123,,1.461772982,,,
1394,786,1161.67,375.667,67.66121188,,2.008176134,,,
1290,755,1075,320,70.23255814,,1.332281404,,,
1222,701,1018.33,317.333,68.83819587,,0.057656328,,,
1306,747,1088.33,341.333,68.63726995,,0.194519143,,,
1228,705,1023.33,318.333,68.89273255,,0.034440174,,,
1305,769,1087.5,318.5,70.71264368,,2.671036145,,,
1326,746,1105,359,67.51131222,,2.455492049,,,
1363,803,1135.83,332.833,70.6971994,,2.620792577,,,
1229,715,1024.17,309.167,69.81262876,,0.53921936,,,
1235,721,1029.17,308.167,70.05645326,,0.956757994,,,
1188,693,990,297,70,,0.849506576,,,
1269,717,1057.5,340.5,67.80141844,,1.630460203,,,
1319,762,1099.17,337.167,69.32503616,,0.060872226,,,
1342,767,1118.33,351.333,68.58440711,,0.243943219,,,
1306,756,1088.33,332.333,69.46422501,,0.148927929,,,
1335,772,1112.5,340.5,69.39325843,,0.099190502,,,
1318,774,1098.33,324.333,70.47062358,,1.938528231,,,
1339,773,1115.83,342.833,69.27578574,,0.038995407,,,
1360,792,1133.33,341.333,69.88255848,,0.646810483,,,
1326,764,1105,341,69.14027149,,0.003838831,,,
1400,791,1166.67,375.667,67.79980629,,1.634579903,,,
1238,701,1031.67,330.667,67.94808417,,1.277417628,,,
1338,752,1115,363,67.44394619,,2.671155496,,,
1290,741,1075,334,68.93023256,,0.021927874,,,
1242,715,1035,320,69.0821256,,1.45345E-05,,,
1313,781,1094.17,313.167,71.37830502,,5.289962402,,,
1274,749,1061.67,312.667,70.54922904,,2.163593452,,,
1278,736,1065,329,69.10798122,,0.000880192,,,
1313,754,1094.17,340.167,68.91068116,,0.028100499,,,
1288,752,1073.33,321.333,70.06232939,,0.968287874,,,
1364,781,1136.67,355.667,68.70947593,,0.136040928,,,
1370,793,1141.67,348.667,69.45965121,,0.145418688,,,
1303,728,1085.83,357.833,67.04548594,,4.132386622,,,
1269,737,1057.5,320.5,69.69267139,,0.377436004,,,
1285,745,1070.83,325.833,69.572201,,0.243925172,,,
1237,696,1030.83,334.833,67.5184075,,2.433305771,,,
1293,752,1077.5,325.5,69.79118329,,0.508183786,,,
1331,775,1109.17,334.167,69.8720665,,0.630044317,,,
1280,726,1066.67,340.667,68.06228731,,1.032308598,,,
1354,789,1128.33,339.333,69.92635133,,0.719168693,,,
1247,722,1039.17,317.167,69.47852613,,0.160170398,,,
1257,720,1047.5,327.5,68.73508353,,0.117806598,,,
1256,730,1046.67,316.667,69.74500081,,0.444472385,,,
1354,776,1128.33,352.333,68.77420613,,0.092481105,,,
1298,759,1081.67,322.667,70.16927529,,1.190198298,,,
1292,754,1076.67,322.667,70.03074294,,0.907122427,,,
1291,740,1075.83,335.833,68.78410158,,0.086560473,,,
1304,755,1086.67,331.667,69.47831448,,0.160001035,,,
1222,715,1018.33,303.333,70.21299579,,1.287504596,,,
1265,714,1054.17,340.167,67.73101113,,1.815222848,,,
1349,788,1124.17,336.167,70.09615983,,1.03601179,,,
1275,736,1062.5,326.5,69.27058824,,0.036969693,,,
1272,723,1060,337,68.20754717,,0.758233462,,,
1348,773,1123.33,350.333,68.81326057,,0.07025289,,,
1195,700,995.833,295.833,70.29291056,,1.475246767,,,
1292,738,1076.67,338.667,68.54467943,,0.284764992,,,
1224,707,1020,313,69.31372549,,0.055418951,,,
1302,734,1085,351,67.64976959,,2.040736831,,,
1346,784,1121.67,337.667,69.8957804,,0.668252638,,,
1335,765,1112.5,347.5,68.76404494,,0.098764531,,,
1254,753,1045,292,72.05741627,,8.875055149,,,
1288,744,1073.33,329.333,69.31698546,,0.056964451,,,
1308,748,1090,342,68.62385321,,0.206533873,,,
1220,714,1016.67,302.667,70.22927794,,1.324719848,,,
1371,794,1142.5,348.5,69.49671772,,0.175062354,,,
1246,721,1038.33,317.333,69.43842516,,0.129680633,,,
1292,750,1076.67,326.667,69.65922706,,0.337460926,,,
1365,780,1137.5,357.5,68.57142857,,0.256932017,,,
1236,724,1030,306,70.29126214,,1.471245145,,,
1331,761,1109.17,348.167,68.60986143,,0.219447053,,,
1259,728,1049.17,321.167,69.38818304,,0.096019324,,,
1287,737,1072.5,335.5,68.71794872,,0.129862553,,,
1318,761,1098.33,337.333,69.28700846,,0.043553715,,,
1325,761,1104.17,343.167,68.92054665,,0.02489028,,,
1348,792,1123.33,331.333,70.50466025,,2.034465939,,,
1299,752,1082.5,330.5,69.46882217,,0.152497264,,,
1350,784,1125,341,69.68888889,,0.372802684,,,
1224,706,1020,314,69.21568627,,0.018871364,,,
1306,751,1088.33,337.333,69.00480553,,0.005403376,,,
1228,702,1023.33,321.333,68.59957199,,0.229193141,,,
1350,768,1125,357,68.26666667,,0.658770079,,,
1234,696,1028.33,332.333,67.68255327,,1.948145766,,,
1317,755,1097.5,342.5,68.79271071,,0.081568779,,,
1300,735,1083.33,348.333,67.8463626,,1.517702246,,,
1225,699,1020.83,321.833,68.47369298,,0.365565604,,,
1282,760,1068.33,308.333,71.13906752,,4.246708395,,,
1306,742,1088.33,346.333,68.17785047,,0.810833113,,,
1318,749,1098.33,349.333,68.19444065,,0.781230666,,,
1303,739,1085.83,346.833,68.05853587,,1.039945789,,,
1366,779,1138.33,359.333,68.43358253,,0.415677626,,,
1355,780,1129.17,349.167,69.07728686,,1.05336E-06,,,
1281,725,1067.5,342.5,67.91569087,,1.351690667,,,
1334,769,1111.67,342.667,69.17520487,,0.009387998,,,
1259,725,1049.17,324.167,69.10224273,,0.000572623,,,
1290,743,1075,332,69.11627907,,0.001441408,,,
1298,752,1081.67,329.667,69.52212782,,0.196971427,,,
1416,802,1180,378,67.96610169,,1.23701441,,,
1399,814,1165.83,351.833,69.82150056,,0.55232747,,,
1307,749,1089.17,340.167,68.76796092,,0.096318529,,,
1280,735,1066.67,331.667,68.90603467,,0.029679889,,,
1263,723,1052.5,329.5,68.6935867,,0.148014473,,,
1212,690,1010,320,68.31683168,,0.579854085,,,
1306,747,1088.33,341.333,68.63726995,,0.194519143,,,
1272,689,1060,371,65,,16.63263848,,,
1302,746,1085,339,68.75576037,,0.104040323,,,
1228,706,1023.33,317.333,68.99045274,,0.007719459,,,
1337,776,1114.17,338.167,69.64825834,,0.324837479,,,
1350,771,1125,354,68.53333333,,0.297003044,,,
1363,780,1135.83,355.833,68.67224849,,0.164888542,,,
1274,738,1061.67,323.667,69.51312555,,0.189061786,,,
1221,715,1017.5,302.5,70.27027027,,1.420761681,,,
1242,707,1035,328,68.30917874,,0.591567796,,,
1308,739,1090,351,67.79816514,,1.638779036,,,
1323,756,1102.5,346.5,68.57142857,,0.256932017,,,
1311,742,1092.5,350.5,67.91762014,,1.347208363,,,
1259,739,1049.17,310.167,70.43663086,,1.845026894,,,
1291,750,1075.83,325.833,69.71361646,,0.403610249,,,
1251,719,1042.5,323.5,68.96882494,,0.011987677,,,
1331,775,1109.17,334.167,69.8720665,,0.630044317,,,
1287,737,1072.5,335.5,68.71794872,,0.129862553,,,
1252,715,1043.33,328.333,68.53057039,,0.30002218,,,
1296,735,1080,345,68.05555556,,1.046033179,,,
1255,731,1045.83,314.833,69.89663712,,0.669654056,,,
1327,766,1105.83,339.833,69.26923668,,0.03645178,,,
1268,728,1056.67,328.667,68.89568172,,0.033354255,,,
1276,748,1063.33,315.333,70.3450481,,1.604617341,,,
1196,677,996.667,319.667,67.92639869,,1.326907023,,,
1311,749,1092.5,343.5,68.5583524,,0.27035922,,,
1298,745,1081.67,336.667,68.87498035,,0.041344242,,,
1348,782,1123.33,341.333,69.61444989,,0.287442566,,,
1251,733,1042.5,309.5,70.3117506,,1.521367843,,,
1243,719,1035.83,316.833,69.41293455,,0.111971458,,,
1325,779,1104.17,325.167,70.55073041,,2.168012478,,,
1295,755,1079.17,324.167,69.96117387,,0.779442972,,,
1378,774,1148.33,374.333,67.40222758,,2.809262963,,,
1330,768,1108.33,340.333,69.29344148,,0.046280183,,,
1287,747,1072.5,325.5,69.65034965,,0.327225712,,,
1367,775,1139.17,364.167,68.0319882,,1.094795981,,,
1301,748,1084.17,336.167,68.99287012,,0.007300518,,,
1322,759,1101.67,342.667,68.89540425,,0.03345568,,,
1263,722,1052.5,330.5,68.59857482,,0.230148902,,,
1277,738,1064.17,326.167,69.34982193,,0.073716994,,,
1323,766,1102.5,336.5,69.47845805,,0.160115909,,,
1260,716,1050,334,68.19047619,,0.788254538,,,
1316,738,1096.67,358.667,67.29462828,,3.181531845,,,
1280,746,1066.67,320.667,69.93728145,,0.737826465,,,
1301,742,1084.17,342.167,68.43945138,,0.408144415,,,
1253,727,1044.17,317.167,69.62467797,,0.298514477,,,
1341,763,1117.5,354.5,68.27740492,,0.641454054,,,
1295,737,1079.17,342.167,68.29322535,,0.616362918,,,
1305,767,1087.5,320.5,70.52873563,,2.103725261,,,
1357,785,1130.83,345.833,69.41803808,,0.115413,,,
1244,725,1036.67,311.667,69.93546645,,0.734711703,,,
1281,731,1067.5,336.5,68.47775176,,0.360674035,,,
1281,759,1067.5,308.5,71.10070258,,4.090058829,,,
1351,765,1125.83,360.833,67.9498681,,1.273388327,,,
1221,711,1017.5,306.5,69.87714988,,0.638140053,,,
1270,742,1058.33,316.333,70.11045704,,1.065320929,,,
1339,787,1115.83,328.833,70.53045715,,2.108722076,,,
1330,784,1108.33,324.333,70.73705485,,2.751423889,,,
1335,778,1112.5,334.5,69.93258427,,0.729779078,,,
1210,692,1008.33,316.333,68.62832604,,0.202488432,,,
1297,786,1080.83,294.833,72.72188966,,13.27564948,,,
1390,806,1158.33,352.333,69.58293405,,0.254642214,,,
1335,749,1112.5,363.5,67.3258427,,3.07115283,,,
1323,795,1102.5,307.5,72.10884354,,9.184114187,,,
1292,737,1076.67,339.667,68.45180046,,0.392518202,,,
1287,737,1072.5,335.5,68.71794872,,0.129862553,,,
1261,725,1050.83,325.833,68.99308166,,0.007264414,,,
1319,777,1099.17,322.167,70.68970223,,2.596574638,,,
1290,735,1075,340,68.37209302,,0.498746924,,,
1242,723,1035,312,69.85507246,,0.603354969,,,
1294,727,1078.33,351.333,67.41906466,,2.753105668,,,
1336,764,1113.33,349.333,68.62295995,,0.207346574,,,
1323,759,1102.5,343.5,68.84353741,,0.055119665,,,
1296,740,1080,340,68.51851852,,0.313370074,,,
1334,771,1111.67,340.667,69.35511438,,0.076618897,,,
1262,715,1051.67,336.667,67.98710622,,1.190732648,,,
1375,792,1145.83,353.833,69.12020108,,0.001754595,,,
1330,765,1108.33,343.333,69.02276398,,0.003085715,,,
1288,735,1073.33,338.333,68.47847354,,0.359807611,,,
1280,730,1066.67,336.667,68.43728613,,0.410915687,,,
1321,758,1100.83,342.833,68.85713507,,0.04891976,,,
1257,740,1047.5,307.5,70.64439141,,2.452600985,,,
1268,736,1056.67,320.667,69.65277712,,0.330008808,,,
1330,766,1108.33,342.333,69.11298981,,0.001202468,,,
1295,766,1079.17,313.167,70.98047574,,3.618222351,,,
1340,748,1116.67,368.667,66.98487467,,4.382484829,,,
1329,757,1107.5,350.5,68.35214447,,0.527321011,,,
1314,766,1095,329,69.9543379,,0.767419292,,,
1304,753,1086.67,333.667,69.29426597,,0.046635603,,,
1332,780,1110,330,70.27027027,,1.420761681,,,
1294,733,1078.33,345.333,67.9754806,,1.216239712,,,
1290,768,1075,307,71.44186047,,5.586355722,,,
1286,732,1071.67,339.667,68.30460869,,0.598618646,,,
1317,733,1097.5,364.5,66.7881549,,5.244825005,,,
1273,762,1060.83,298.833,71.83054778,,7.574795231,,,
1293,728,1077.5,349.5,67.5638051,,2.293734741,,,
1297,732,1080.83,348.833,67.7257293,,1.829483178,,,
1348,789,1123.33,334.333,70.23759714,,1.343939286,,,
1379,804,1149.17,345.167,69.9635389,,0.783624561,,,
1361,796,1134.17,338.167,70.18348219,,1.221398527,,,
1272,741,1060,319,69.90566038,,0.684503368,,,
1357,780,1130.83,350.833,68.97588497,,0.01049154,,,
1241,717,1034.17,317.167,69.33096106,,0.063830946,,,
1285,760,1070.83,310.833,70.97298357,,3.589775862,,,
1388,805,1156.67,351.667,69.59634122,,0.268353041,,,
1352,787,1126.67,339.667,69.85186434,,0.598381387,,,
1269,726,1057.5,331.5,68.65248227,,0.181331973,,,
1344,765,1120,355,68.30357143,,0.600224797,,,
1241,710,1034.17,324.167,68.65408975,,0.179965524,,,
1324,774,1103.33,329.333,70.15126934,,1.151234898,,,
1322,758,1101.67,343.667,68.80463297,,0.074900865,,,
1301,749,1084.17,335.167,69.08510658,,4.61501E-05,,,
1318,761,1098.33,337.333,69.28700846,,0.043553715,,,
1336,786,1113.33,327.333,70.59901377,,2.312530252,,,
1278,738,1065,327,69.29577465,,0.047289486,,,
1269,714,1057.5,343.5,67.5177305,,2.435418343,,,
1345,776,1120.83,344.833,69.23440665,,0.024365167,,,
1347,775,1122.5,347.5,69.04231626,,0.001295779,,,
1338,791,1115,324,70.94170404,,3.472225444,,,
1235,692,1029.17,337.167,67.23864862,,3.384365731,,,
1276,747,1063.33,316.333,70.25100392,,1.375203552,,,
1219,709,1015.83,306.833,69.79514289,,0.513844816,,,
1296,765,1080,315,70.83333333,,3.080095704,,,
1272,751,1060,309,70.8490566,,3.135532237,,,
1322,752,1101.67,349.667,68.26000526,,0.669627861,,,
1413,791,1177.5,386.5,67.17622081,,3.617955434,,,
1309,763,1090.83,327.833,69.94673781,,0.754161312,,,
1321,745,1100.83,355.833,67.67620795,,1.965899098,,,
1277,724,1064.17,340.167,68.03424265,,1.090083294,,,
1298,755,1081.67,326.667,69.79947674,,0.520076859,,,
1270,743,1058.33,315.333,70.20494553,,1.269300424,,,
1272,756,1060,304,71.32075472,,5.028544002,,,
1189,672,990.833,318.833,67.82172172,,1.579022115,,,
1263,736,1052.5,316.5,69.92874109,,0.723227618,,,
1294,728,1078.33,350.333,67.51180065,,2.453961523,,,
1305,770,1087.5,317.5,70.8045977,,2.980058213,,,
1313,742,1094.17,352.167,67.81395944,,1.598590406,,,
1255,719,1045.83,326.833,68.74922311,,0.108300284,,,
1329,749,1107.5,358.5,67.62979684,,2.098199617,,,
1333,755,1110.83,355.833,67.9671957,,1.234582075,,,
1201,694,1000.83,306.833,69.34244577,,0.06976602,,,
1305,753,1087.5,334.5,69.24137931,,0.02659056,,,
1340,767,1116.67,349.667,68.68636213,,0.153625633,,,
1290,735,1075,340,68.37209302,,0.498746924,,,
1327,793,1105.83,312.833,71.71084163,,6.930205989,,,
1258,714,1048.33,334.333,68.10832467,,0.940877731,,,
1265,724,1054.17,330.167,68.67962473,,0.158952489,,,
1283,748,1069.17,321.167,69.96081072,,0.778801895,,,
1341,772,1117.5,345.5,69.08277405,,1.98993E-05,,,
1256,728,1046.67,318.667,69.55391862,,0.226200523,,,
1353,753,1127.5,374.5,66.78492239,,5.25964134,,,
1286,766,1071.67,305.667,71.47722713,,5.754788099,,,
1281,732,1067.5,335.5,68.57142857,,0.256932017,,,
1285,739,1070.83,331.833,69.01188797,,0.004412309,,,
1326,779,1105,326,70.49773756,,2.014765532,,,
1380,776,1150,374,67.47826087,,2.560167428,,,
1272,749,1060,311,70.66037736,,2.502927033,,,
1273,728,1060.83,332.833,68.62551021,,0.205030535,,,
1396,807,1163.33,356.333,69.36982627,,0.084979878,,,
1248,712,1040,328,68.46153846,,0.380411066,,,
1272,730,1060,330,68.86792453,,0.044263389,,,
1256,715,1046.67,331.667,68.31188436,,0.587413156,,,
1305,742,1087.5,345.5,68.22988506,,0.719830296,,,
1264,736,1053.33,317.333,69.87363884,,0.632542891,,,
1294,754,1078.33,324.333,69.92293639,,0.713388354,,,
1363,774,1135.83,361.833,68.14400042,,0.872940347,,,
1387,785,1155.83,370.833,67.91656212,,1.349665539,,,
1304,732,1086.67,354.667,67.36175656,,2.946566667,,,
1310,748,1091.67,343.667,68.51887475,,0.312971366,,,
1290,742,1075,333,69.02325581,,0.003031315,,,
1316,757,1096.67,339.667,69.02714581,,0.0026181,,,
1319,760,1099.17,339.167,69.14308069,,0.004194829,,,
1286,747,1071.67,324.667,69.7042933,,0.391851097,,,
1362,748,1135,387,65.9030837,,10.08208231,,,
1290,733,1075,342,68.18604651,,0.796139825,,,
1248,728,1040,312,70,,0.849506576,,,
1320,787,1100,313,71.54545455,,6.086786468,,,
1248,716,1040,324,68.84615385,,0.053897961,,,
1358,776,1131.67,355.667,68.57122659,,0.257136816,,,
1254,725,1045,320,69.37799043,,0.089806449,,,
1265,740,1054.17,314.167,70.19740649,,1.252369815,,,
1248,736,1040,304,70.76923077,,2.85920226,,,
1252,718,1043.33,325.333,68.81811124,,0.067705055,,,
1266,733,1055,322,69.47867299,,0.160287966,,,
1383,806,1152.5,346.5,69.93492408,,0.733782214,,,
1272,726,1060,334,68.49056604,,0.345446715,,,
1328,774,1106.67,332.667,69.93954837,,0.741726044,,,
1356,784,1130,346,69.38053097,,0.091335589,,,
1256,736,1046.67,310.667,70.31824739,,1.537436831,,,
1286,731,1071.67,340.667,68.21129639,,0.751718135,,,
1329,766,1107.5,341.5,69.16478555,,0.00747747,,,
1294,745,1078.33,333.333,69.08831248,,9.99859E-05,,,
1273,739,1060.83,321.833,69.66243413,,0.341197275,,,
1201,678,1000.83,322.833,67.74377267,,1.780998403,,,
1325,754,1104.17,350.167,68.2865863,,0.626831461,,,
1271,706,1059.17,353.167,66.65596646,,5.867763659,,,
1344,775,1120,345,69.19642857,,0.013951243,,,
1390,811,1158.33,347.333,70.01458997,,0.876614209,,,
1301,740,1084.17,344.167,68.25497846,,0.677880073,,,
1317,752,1097.5,345.5,68.51936219,,0.312426224,,,
1298,750,1081.67,331.667,69.33722854,,0.067037161,,,
1272,722,1060,338,68.11320755,,0.931428902,,,
1297,763,1080.83,317.833,70.59389543,,2.296989533,,,
1288,757,1073.33,316.333,70.52816934,,2.102082862,,,
1241,722,1034.17,312.167,69.81444057,,0.541883513,,,
1290,738,1075,337,68.65116279,,0.182457464,,,
1338,769,1115,346,68.96860987,,0.012034819,,,
1310,737,1091.67,354.667,67.51124424,,2.455705093,,,
1300,735,1083.33,348.333,67.8463626,,1.517702246,,,
1283,732,1069.17,337.167,68.46432279,,0.376984208,,,
1347,777,1122.5,345.5,69.22048998,,0.020214239,,,
1325,776,1104.17,328.167,70.27903312,,1.44172835,,,
1318,752,1098.33,346.333,68.4675826,,0.37299185,,,
1253,711,1044.17,333.167,68.09236044,,0.972102826,,,
1304,752,1086.67,334.667,69.20224171,,0.015358278,,,
1285,735,1070.83,335.833,68.63834596,,0.193571167,,,
1296,772,1080,308,71.48148148,,5.775217837,,,
1284,736,1070,334,68.78504673,,0.086005217,,,
1302,744,1085,341,68.57142857,,0.256932017,,,
1294,738,1078.33,340.333,68.43916055,,0.408516092,,,
1358,791,1131.67,340.667,69.89670134,,0.669759156,,,
1372,790,1143.33,353.333,69.09641136,,0.000327544,,,
1263,717,1052.5,335.5,68.12351544,,0.911638744,,,
1244,734,1036.67,302.667,70.80363086,,2.97672105,,,
1320,781,1100,319,71,,3.692880196,,,
1295,734,1079.17,345.167,68.01523393,,1.130137514,,,
1261,717,1050.83,333.833,68.23177869,,0.716620661,,,
1340,752,1116.67,364.667,67.34308256,,3.011025346,,,
1379,780,1149.17,369.167,67.87507505,,1.447782012,,,
1332,763,1110,347,68.73873874,,0.115310808,,,
1313,751,1094.17,343.167,68.63650073,,0.195198253,,,
1343,760,1119.17,359.167,67.90746714,,1.370880471,,,
1293,758,1077.5,319.5,70.34802784,,1.612175298,,,
1272,717,1060,343,67.64150943,,2.064405033,,,
1217,706,1014.17,308.167,69.61357563,,0.286505883,,,
1361,804,1134.17,330.167,70.88884382,,3.278021177,,,
1322,754,1101.67,347.667,68.44154783,,0.405470121,,,
1271,729,1059.17,330.167,68.82747812,,0.062918233,,,
1422,817,1185,368,68.94514768,,0.017733053,,,
1427,796,1189.17,393.167,66.93744376,,4.583321902,,,
1351,791,1125.83,334.833,70.25927538,,1.394671692,,,
1279,739,1065.83,326.833,69.33563514,,0.066214585,,,
1385,797,1154.17,357.167,69.05395219,,0.000593458,,,
1170,661,975,314,67.79487179,,1.647221815,,,
1284,741,1070,329,69.25233645,,0.030284095,,,
1319,759,1099.17,340.167,69.05210295,,0.000686977,,,
1230,681,1025,344,66.43902439,,6.965845369,,,
1353,765,1127.5,362.5,67.84922395,,1.510660368,,,
1300,745,1083.33,338.333,68.76944237,,0.095401185,,,
1244,728,1036.67,308.667,70.22485458,,1.314557165,,,
1312,752,1093.33,341.333,68.7806975,,0.088575098,,,
1264,731,1053.33,322.333,69.39895379,,0.102810397,,,
1204,709,1003.33,294.333,70.66468659,,2.516580576,,,
1360,783,1133.33,350.333,69.0884385,,0.000102522,,,
1276,737,1063.33,326.333,69.3105621,,0.053939557,,,
1316,741,1096.67,355.667,67.56818368,,2.280491127,,,
1373,776,1144.17,368.167,67.82208937,,1.578098274,,,
1259,729,1049.17,320.167,69.48349648,,0.164173497,,,
1334,754,1111.67,357.667,67.82588358,,1.568579927,,,
1274,727,1061.67,334.667,68.47702205,,0.361551035,,,
1254,709,1045,336,67.84688995,,1.516403191,,,
1229,706,1024.17,318.167,68.9338684,,0.020864297,,,
1245,713,1037.5,324.5,68.72289157,,0.126324531,,,
1271,750,1059.17,309.167,70.81016267,,2.999302637,,,
1405,802,1170.83,368.833,68.49841565,,0.336281152,,,
1296,742,1080,338,68.7037037,,0.140332267,,,
1323,761,1102.5,341.5,69.02494331,,0.002848344,,,
1244,723,1036.67,313.667,69.74254102,,0.441198611,,,
1311,744,1092.5,348.5,68.1006865,,0.955753947,,,
1361,793,1134.17,341.167,69.91897158,,0.706706533,,,
1246,712,1038.33,326.333,68.57164871,,0.2567089,,,
1179,680,982.5,302.5,69.21119593,,0.017657822,,,
1290,739,1075,336,68.74418605,,0.111640948,,,
1413,826,1177.5,351.5,70.14861996,,1.145556577,,,
1328,789,1106.67,317.667,71.29496598,,4.913549587,,,
1265,731,1054.17,323.167,69.34365425,,0.070405878,,,
1313,769,1094.17,325.167,70.2815833,,1.447858959,,,
1347,780,1122.5,342.5,69.48775056,,0.167638957,,,
1218,714,1015,301,70.34482759,,1.604058716,,,
1236,706,1030,324,68.54368932,,0.285822682,,,
1353,787,1127.5,340.5,69.80044346,,0.521472125,,,
1267,720,1055.83,335.833,68.19279619,,0.784140359,,,
1283,749,1069.17,320.167,70.05434122,,0.952630711,,,
1327,748,1105.83,357.833,67.64150005,,2.064432,,,
1247,736,1039.17,303.167,70.82575517,,3.053553473,,,
1300,743,1083.33,340.333,68.58482641,,0.243529197,,,
1271,738,1059.17,321.167,69.67720007,,0.358665497,,,
1311,767,1092.5,325.5,70.20594966,,1.271564001,,,
1291,728,1075.83,347.833,67.66868371,,1.98705526,,,
1260,720,1050,330,68.57142857,,0.256932017,,,
1305,745,1087.5,342.5,68.50574713,,0.327831897,,,
1327,787,1105.83,318.833,71.16826275,,4.367889175,,,
1307,760,1089.17,329.167,69.77790428,,0.489427687,,,
1254,719,1045,326,68.80382775,,0.075342256,,,
1204,685,1003.33,318.333,68.27265207,,0.649089843,,,
1263,739,1052.5,313.5,70.21377672,,1.289277433,,,
1350,787,1125,338,69.95555556,,0.769554168,,,
1334,768,1111.67,343.667,69.08525012,,4.8121E-05,,,
1353,768,1127.5,359.5,68.11529933,,0.927395685,,,
1274,741,1061.67,320.667,69.79569923,,0.514642728,,,
1326,751,1105,354,67.9638009,,1.242137633,,,
1234,721,1028.33,307.333,70.11367946,,1.071983315,,,
1340,771,1116.67,345.667,69.04457002,,0.001138602,,,
1282,738,1068.33,330.333,69.07977872,,2.14778E-06,,,
1313,757,1094.17,337.167,69.18486158,,0.01135256,,,
1309,741,1090.83,349.833,67.92992492,,1.31879562,,,
1257,727,1047.5,320.5,69.40334129,,0.105643265,,,
1280,739,1066.67,327.667,69.2810335,,0.041095523,,,
1261,743,1050.83,307.833,70.70601334,,2.649407784,,,
1301,747,1084.17,337.167,68.90063366,,0.031570014,,,
1333,785,1110.83,325.833,70.66787897,,2.52671938,,,
1408,790,1173.33,383.333,67.32973673,,3.057519629,,,
1256,730,1046.67,316.667,69.74500081,,0.444472385,,,
1306,748,1088.33,340.333,68.72915384,,0.121912251,,,
1315,754,1095.83,341.833,68.80629295,,0.073995013,,,
1273,711,1060.83,349.833,67.02299143,,4.224347532,,,
1246,738,1038.33,300.333,71.07566958,,3.989432568,,,
1314,740,1095,355,67.57990868,,2.245216088,,,
1243,723,1035.83,312.833,69.79909831,,0.519531186,,,
1302,743,1085,342,68.47926267,,0.358861522,,,
1286,739,1071.67,332.667,68.95779484,,0.014524672,,,
1329,760,1107.5,347.5,68.62302483,,0.20728749,,,
1312,763,1093.33,330.333,69.78679813,,0.501950911,,,
1299,737,1082.5,345.5,68.08314088,,0.990367931,,,
1312,763,1093.33,330.333,69.78679813,,0.501950911,,,
1271,722,1059.17,337.167,68.16658327,,0.831251451,,,
1271,756,1059.17,303.167,71.37664398,,5.282324402,,,
1267,745,1055.83,310.833,70.56060161,,2.197178966,,,
1260,715,1050,335,68.0952381,,0.966436642,,,
1335,780,1112.5,332.5,70.11235955,,1.069251876,,,
1298,741,1081.67,340.667,68.5051818,,0.328479588,,,
1363,774,1135.83,361.833,68.14400042,,0.872940347,,,
1288,748,1073.33,325.333,69.68965742,,0.373741769,,,
1244,703,1036.67,333.667,67.81328677,,1.600291833,,,
1315,771,1095.83,324.833,70.35762846,,1.636647571,,,
1279,722,1065.83,343.833,67.74063406,,1.789385455,,,
1334,756,1111.67,355.667,68.00579309,,1.150299373,,,
1279,751,1065.83,314.833,70.46151825,,1.913256247,,,
1343,794,1119.17,325.167,70.94543278,,3.486135549,,,
1304,750,1086.67,336.667,69.0181932,,0.003614414,,,
1323,768,1102.5,334.5,69.65986395,,0.338201281,,,
1198,693,998.333,305.333,69.415716,,0.113840655,,,
1315,749,1095.83,346.833,68.35001779,,0.530414183,,,
1336,761,1113.33,352.333,68.35349806,,0.525356966,,,
1281,743,1067.5,324.5,69.60187354,,0.274115436,,,
1345,782,1120.83,338.833,69.76972422,,0.478049215,,,
1202,682,1001.67,319.667,68.08629589,,0.984098332,,,
1277,738,1064.17,326.167,69.34982193,,0.073716994,,,
1326,777,1105,328,70.31674208,,1.533706119,,,
1323,758,1102.5,344.5,68.75283447,,0.105936399,,,
1355,781,1129.17,348.167,69.16584748,,0.007662252,,,
1310,764,1091.67,327.667,69.98451913,,0.821209208,,,
1295,737,1079.17,342.167,68.29322535,,0.616362918,,,
1194,674,995,321,67.73869347,,1.794581001,,,
1371,781,1142.5,361.5,68.35886214,,0.517609807,,,
1293,743,1077.5,334.5,68.95591647,,0.014980956,,,
1303,761,1085.83,324.833,70.08463572,,1.012685027,,,
1239,716,1032.5,316.5,69.34624697,,0.071788512,,,
1206,699,1005,306,69.55223881,,0.224605489,,,
1335,768,1112.5,344.5,69.03370787,,0.001989635,,,
1292,755,1076.67,321.667,70.12362191,,1.092670317,,,
1325,765,1104.17,339.167,69.28280971,,0.041818828,,,
1284,744,1070,326,69.53271028,,0.206476716,,,
1299,755,1082.5,327.5,69.74595843,,0.445750166,,,
1269,718,1057.5,339.5,67.89598109,,1.397909201,,,
1340,763,1116.67,353.667,68.32815424,,0.562738444,,,
1361,781,1134.17,353.167,68.86092914,,0.047255826,,,
1296,731,1080,349,67.68518519,,1.940805638,,,
1344,783,1120,337,69.91071429,,0.692891584,,,
1352,772,1126.67,354.667,68.52050734,,0.311147371,,,
1272,734,1060,326,69.24528302,,0.027878924,,,
1307,741,1089.17,348.167,68.03345667,,1.09172515,,,
1322,758,1101.67,343.667,68.80463297,,0.074900865,,,
1363,794,1135.83,341.833,69.90482731,,0.683125585,,,
1315,757,1095.83,338.833,69.08005804,,3.0445E-06,,,
1213,678,1010.83,332.833,67.07359299,,4.018903089,,,
1307,752,1089.17,337.167,69.04340002,,0.001218929,,,
1304,766,1086.67,320.667,70.49058132,,1.994501263,,,
1269,745,1057.5,312.5,70.44917258,,1.879255458,,,
1272,726,1060,334,68.49056604,,0.345446715,,,
1297,740,1080.83,340.833,68.46590121,,0.375048439,,,
1298,748,1081.67,333.667,69.15232927,,0.00547838,,,
1307,747,1089.17,342.167,68.58433486,,0.24401459,,,
1328,781,1106.67,325.667,70.57207659,,2.231329096,,,
1341,790,1117.5,327.5,70.6935123,,2.608868179,,,
1300,725,1083.33,358.333,66.92328284,,4.644155806,,,
1325,765,1104.17,339.167,69.28280971,,0.041818828,,,
1273,739,1060.83,321.833,69.66243413,,0.341197275,,,
1272,716,1060,344,67.54716981,,2.344400046,,,
1287,753,1072.5,319.5,70.20979021,,1.280240246,,,
1262,741,1051.67,310.667,70.45936463,,1.907303079,,,
1322,767,1101.67,334.667,69.62157452,,0.295132871,,,
1300,767,1083.33,316.333,70.80021785,,2.964955647,,,
1251,704,1042.5,338.5,67.52997602,,2.397347995,,,
1361,778,1134.17,356.167,68.59641853,,0.232222467,,,
1302,751,1085,334,69.21658986,,0.019120438,,,
1310,757,1091.67,334.667,69.34329972,,0.070217858,,,
1298,731,1081.67,350.667,67.58068542,,2.242888933,,,
1290,747,1075,328,69.48837209,,0.168148304,,,
1288,749,1073.33,324.333,69.78282541,,0.496337472,,,
1329,760,1107.5,347.5,68.62302483,,0.20728749,,,
1220,701,1016.67,315.667,68.9505936,,0.016312292,,,
1283,727,1069.17,342.167,67.99667031,,1.16995131,,,
1275,721,1062.5,341.5,67.85882353,,1.487155032,,,
1329,778,1107.5,329.5,70.248307,,1.36888551,,,
1291,734,1075.83,341.833,68.22639265,,0.725768614,,,
1239,705,1032.5,327.5,68.28087167,,0.635912977,,,
1285,735,1070.83,335.833,68.63834596,,0.193571167,,,
1242,706,1035,329,68.21256039,,0.749527917,,,
1361,777,1134.17,357.167,68.50824832,,0.324973953,,,
1290,742,1075,333,69.02325581,,0.003031315,,,
1277,749,1064.17,315.167,70.38349136,,1.703490054,,,
1307,735,1089.17,354.167,67.48257848,,2.546369274,,,
1345,787,1120.83,333.833,70.2158222,,1.293926755,,,
1315,772,1095.83,323.833,70.44888349,,1.87846296,,,
1294,739,1078.33,339.333,68.53189654,,0.298571151,,,
1305,774,1087.5,313.5,71.17241379,,4.385257336,,,
1295,726,1079.17,353.167,67.27392348,,3.255822232,,,
1264,744,1053.33,309.333,70.63313491,,2.417470596,,,
1298,741,1081.67,340.667,68.5051818,,0.328479588,,,
1204,692,1003.33,311.333,68.97032881,,0.011660627,,,
1370,792,1141.67,349.667,69.37206023,,0.086287322,,,
1310,763,1091.67,328.667,69.89291636,,0.663578321,,,
1265,732,1054.17,322.167,69.43851561,,0.129745783,,,
1267,731,1055.83,324.833,69.23463057,,0.024435125,,,
1283,746,1069.17,323.167,69.77374973,,0.483631983,,,
1284,728,1070,342,68.03738318,,1.083535291,,,
1323,769,1102.5,333.5,69.75056689,,0.451925042,,,
1299,753,1082.5,329.5,69.56120092,,0.233180563,,,
1265,727,1054.17,327.167,68.96420881,,0.01301981,,,
1272,741,1060,319,69.90566038,,0.684503368,,,
1288,743,1073.33,330.333,69.22381747,,0.021171494,,,
1309,769,1090.83,321.833,70.49677768,,2.012041518,,,
1251,716,1042.5,326.5,68.68105516,,0.157813946,,,
1309,766,1090.83,324.833,70.22175774,,1.307465448,,,
1309,735,1090.83,355.833,67.37988504,,2.884658175,,,
1329,743,1107.5,364.5,67.08803612,,3.961202826,,,
1288,731,1073.33,342.333,68.10580157,,0.945778849,,,
1318,745,1098.33,353.333,67.83025138,,1.557658277,,,
1261,699,1050.83,351.833,66.51884701,,6.550867144,,,
1281,729,1067.5,338.5,68.29039813,,0.620810147,,,
1344,774,1120,346,69.10714286,,0.00083115,,,
1250,709,1041.67,332.667,68.0637822,,1.029273138,,,
1292,726,1076.67,350.667,67.4301318,,2.71650191,,,
1276,729,1063.33,334.333,68.55820865,,0.270508736,,,
1233,697,1027.5,330.5,67.83454988,,1.546947175,,,
1353,791,1127.5,336.5,70.15521064,,1.159708124,,,
1289,758,1074.17,316.167,70.56611151,,2.213543839,,,
1335,776,1112.5,336.5,69.75280899,,0.454944583,,,
1255,730,1045.83,315.833,69.80101929,,0.522304101,,,
1306,754,1088.33,334.333,69.28045721,,0.040862207,,,
1257,731,1047.5,316.5,69.78520286,,0.499693011,,,
1302,751,1085,334,69.21658986,,0.019120438,,,
1257,736,1047.5,311.5,70.26252983,,1.402369057,,,
1280,747,1066.67,319.667,70.03103115,,0.907671517,,,
1339,774,1115.83,341.833,69.36540512,,0.082421779,,,
1349,787,1124.17,337.167,70.00720532,,0.862840582,,,
1324,756,1103.33,347.333,68.51984447,,0.31188731,,,
1306,764,1088.33,324.333,70.19929617,,1.25660284,,,
1271,723,1059.17,336.167,68.26099682,,0.668006052,,,
1343,778,1119.17,341.167,69.51580189,,0.191396362,,,
1230,705,1025,320,68.7804878,,0.08869996,,,
1226,721,1021.67,300.667,70.57073223,,2.227314598,,,
1258,724,1048.33,324.333,69.06222277,,0.000258902,,,
1278,754,1065,311,70.79812207,,2.957742569,,,
1311,753,1092.5,339.5,68.92448513,,0.023663073,,,
1174,659,978.333,319.333,67.35947781,,2.954395079,,,
1281,742,1067.5,325.5,69.50819672,,0.18479985,,,
1324,767,1103.33,336.333,69.51682633,,0.192293778,,,
1266,737,1055,318,69.85781991,,0.607630719,,,
1391,808,1159.17,351.167,69.70504758,,0.392795992,,,
1306,724,1088.33,364.333,66.52394035,,6.524820611,,,
1342,771,1118.33,347.333,68.94208328,,0.018558587,,,
1294,742,1078.33,336.333,68.81010451,,0.071935894,,,
1372,798,1143.33,345.333,69.79612185,,0.515249279,,,
1256,739,1046.67,307.667,70.60487069,,2.330377786,,,
1297,746,1080.83,334.833,69.02103013,,0.003281348,,,
1233,696,1027.5,331.5,67.73722628,,1.798514107,,,
1267,702,1055.83,353.833,66.48797628,,6.709845286,,,
1275,719,1062.5,343.5,67.67058824,,1.981689548,,,
1331,762,1109.17,347.167,68.70001893,,0.143106545,,,
1242,691,1035,344,66.76328502,,5.359355409,,,
1323,750,1102.5,352.5,68.02721088,,1.104816057,,,
1270,729,1058.33,329.333,68.88210672,,0.038496981,,,
1281,721,1067.5,346.5,67.54098361,,2.363382248,,,
1284,739,1070,331,69.06542056,,0.00016622,,,
1342,763,1118.33,355.333,68.22673093,,0.725192347,,,
1281,734,1067.5,333.5,68.7587822,,0.102100053,,,
1224,701,1020,319,68.7254902,,0.124484065,,,
1312,732,1093.33,361.333,66.95142363,,4.52365919,,,
1301,752,1084.17,332.167,69.36181595,,0.080373816,,,
1290,743,1075,332,69.11627907,,0.001441408,,,
1330,786,1108.33,322.333,70.91750652,,3.382632101,,,
1317,766,1097.5,331.5,69.79498861,,0.513623658,,,
1277,720,1064.17,344.167,67.65836286,,2.016258952,,,
1315,767,1095.83,328.833,69.99260834,,0.835935626,,,
1305,735,1087.5,352.5,67.5862069,,2.226381191,,,
1356,790,1130,340,69.91150442,,0.694207634,,,
1293,748,1077.5,329.5,69.4199536,,0.116718167,,,
1281,725,1067.5,342.5,67.91569087,,1.351690667,,,
1251,730,1042.5,312.5,70.02398082,,0.894287258,,,
1327,761,1105.83,344.833,68.81708762,,0.0682388,,,
1282,739,1068.33,329.333,69.17338276,,0.009038222,,,
1258,741,1048.33,307.333,70.68384955,,2.577747007,,,
1312,771,1093.33,322.333,70.51850768,,2.074160164,,,
1299,728,1082.5,354.5,67.2517321,,3.336398472,,,
1283,731,1069.17,338.167,68.3707923,,0.500585814,,,
1312,758,1093.33,335.333,69.32947966,,0.063084597,,,
1263,746,1052.5,306.5,70.87885986,,3.241968302,,,
1259,738,1049.17,311.167,70.34131742,,1.595179691,,,
1292,733,1076.67,343.667,68.08028458,,0.996061104,,,
1263,755,1052.5,297.5,71.73396675,,7.052495809,,,
1263,697,1052.5,355.5,66.22327791,,8.151226452,,,
1343,756,1119.17,363.167,67.55005942,,2.335559588,,,
1251,719,1042.5,323.5,68.96882494,,0.011987677,,,
1270,751,1058.33,307.333,70.96085342,,3.543957718,,,
1252,707,1043.33,336.333,67.76379477,,1.72795867,,,
1288,746,1073.33,327.333,69.50332144,,0.180632012,,,
1243,728,1035.83,307.833,70.281803,,1.448387719,,,
1313,742,1094.17,352.167,67.81395944,,1.598590406,,,
1263,728,1052.5,324.5,69.16864608,,0.008160031,,,
1271,732,1059.17,327.167,69.11071877,,0.001050122,,,
1246,706,1038.33,332.333,67.99379773,,1.176173777,,,
1271,743,1059.17,316.167,70.14926782,,1.146943826,,,
1302,747,1085,338,68.84792627,,0.053078134,,,
1305,762,1087.5,325.5,70.06896552,,0.981392033,,,
1324,745,1103.33,358.333,67.52286261,,2.419426517,,,
1325,766,1104.17,338.167,69.37337548,,0.087061753,,,
1328,751,1106.67,355.667,67.86124138,,1.481263786,,,
1312,739,1093.33,354.333,67.59166949,,2.2101095,,,
1207,687,1005.83,318.833,68.3018005,,0.602971953,,,
1283,746,1069.17,323.167,69.77374973,,0.483631983,,,
1288,768,1073.33,305.333,71.55301725,,6.124160162,,,
1303,772,1085.83,313.833,71.09768564,,4.077865097,,,
1293,728,1077.5,349.5,67.5638051,,2.293734741,,,
1258,704,1048.33,344.333,67.15442656,,3.701339749,,,
1261,730,1050.83,320.833,69.46889602,,0.152554944,,,
1211,704,1009.17,305.167,69.76029807,,0.465103372,,,
1263,726,1052.5,326.5,68.97862233,,0.009938268,,,
1256,732,1046.67,314.667,69.93608301,,0.735769057,,,
1244,725,1036.67,311.667,69.93546645,,0.734711703,,,
1323,759,1102.5,343.5,68.84353741,,0.055119665,,,
1332,763,1110,347,68.73873874,,0.115310808,,,
1292,743,1076.67,333.667,69.00907428,,0.004794027,,,
1308,776,1090,314,71.19266055,,4.470464761,,,
1268,759,1056.67,297.667,71.82942641,,7.568623925,,,
1302,750,1085,335,69.12442396,,0.002126203,,,
1345,771,1120.83,349.833,68.78830866,,0.084102625,,,
1277,744,1064.17,320.167,69.91364162,,0.697773582,,,
1341,760,1117.5,357.5,68.00894855,,1.143540742,,,
1301,766,1084.17,318.167,70.65312635,,2.480036504,,,
1376,778,1146.67,368.667,67.84863997,,1.512096216,,,
1385,780,1154.17,374.167,67.58103226,,2.241850192,,,
1310,754,1091.67,337.667,69.06849139,,9.64677E-05,,,
1311,750,1092.5,342.5,68.64988558,,0.183550214,,,
1270,733,1058.33,325.333,69.26006066,,0.033032143,,,
1257,736,1047.5,311.5,70.26252983,,1.402369057,,,
1302,764,1085,321,70.41474654,,1.786054109,,,
1336,756,1113.33,357.333,67.90439492,,1.378084097,,,
1301,748,1084.17,336.167,68.99287012,,0.007300518,,,
1362,768,1135,367,67.66519824,,1.996893868,,,
1371,799,1142.5,343.5,69.93435449,,0.7328067,,,
1338,763,1115,352,68.43049327,,0.419670644,,,
1196,694,996.667,302.667,69.63208374,,0.306661817,,,
1320,759,1100,341,69,,0.006132956,,,
1328,762,1106.67,344.667,68.85521429,,0.049773119,,,
1315,757,1095.83,338.833,69.08005804,,3.0445E-06,,,
1281,732,1067.5,335.5,68.57142857,,0.256932017,,,
1359,774,1132.5,358.5,68.34437086,,0.538671342,,,
1254,720,1045,325,68.89952153,,0.031966457,,,
1295,743,1079.17,336.167,68.84920819,,0.052489102,,,
1326,772,1105,333,69.86425339,,0.617702004,,,
1342,776,1118.33,342.333,69.38917851,,0.096637245,,,
1338,760,1115,355,68.16143498,,0.840665656,,,
1313,743,1094.17,351.167,67.90535292,,1.375835805,,,
1308,739,1090,351,67.79816514,,1.638779036,,,
1322,780,1101.67,321.667,70.80160121,,2.969721584,,,
1259,725,1049.17,324.167,69.10224273,,0.000572623,,,
1255,710,1045.83,335.833,67.88866259,,1.415268542,,,
1296,759,1080,321,70.27777778,,1.438715297,,,
1317,771,1097.5,326.5,70.25056948,,1.3741848,,,
1253,724,1044.17,320.167,69.33736844,,0.067109621,,,
1326,743,1105,362,67.239819,,3.38006087,,,
1304,755,1086.67,331.667,69.47831448,,0.160001035,,,
1269,742,1057.5,315.5,70.16548463,,1.181941748,,,
1347,780,1122.5,342.5,69.48775056,,0.167638957,,,
1333,771,1110.83,339.833,69.40756011,,0.108403536,,,
1293,747,1077.5,330.5,69.32714617,,0.061917853,,,
1288,739,1073.33,334.333,68.8511455,,0.051605159,,,
1284,753,1070,317,70.37383178,,1.678368406,,,
1276,731,1063.33,332.333,68.74629701,,0.110234744,,,
1261,722,1050.83,328.833,68.70759305,,0.137433426,,,
1320,757,1100,343,68.81818182,,0.067668331,,,
1364,788,1136.67,348.667,69.3253099,,0.061007373,,,
1305,745,1087.5,342.5,68.50574713,,0.327831897,,,
1232,696,1026.67,330.667,67.79198769,,1.654633296,,,
1291,757,1075.83,318.833,70.36427688,,1.653702622,,,
1331,768,1109.17,341.167,69.24096396,,0.026455274,,,
1254,724,1045,321,69.28229665,,0.041609252,,,
1232,719,1026.67,307.667,70.03224016,,0.909976655,,,
1315,754,1095.83,341.833,68.80629295,,0.073995013,,,
1227,695,1022.5,327.5,67.97066015,,1.226895264,,,
1292,742,1076.67,334.667,68.91619531,,0.026282208,,,
1265,711,1054.17,343.167,67.44642705,,2.663052384,,,
1347,792,1122.5,330.5,70.55679287,,2.185902173,,,
1306,743,1088.33,345.333,68.26973436,,0.653799718,,,
1325,774,1104.17,330.167,70.09790159,,1.039560508,,,
1185,694,987.5,293.5,70.27848101,,1.440402803,,,
1277,736,1064.17,328.167,69.16188203,,0.006983751,,,
1237,707,1030.83,323.833,68.58550876,,0.242856202,,,
1256,723,1046.67,323.667,69.07621313,,4.41024E-06,,,
1350,786,1125,339,69.86666667,,0.621501204,,,
1292,749,1076.67,327.667,69.56634809,,0.238178065,,,
1271,732,1059.17,327.167,69.11071877,,0.001050122,,,
1237,705,1030.83,325.833,68.39149035,,0.47172561,,,
1354,781,1128.33,347.333,69.2173389,,0.019328148,,,
1288,750,1073.33,323.333,69.8759934,,0.636293723,,,
1281,757,1067.5,310.5,70.91334895,,3.367356226,,,
1271,718,1059.17,341.167,67.78892907,,1.662511416,,,
1389,795,1157.5,362.5,68.6825054,,0.156663807,,,
1256,732,1046.67,314.667,69.93608301,,0.735769057,,,
1302,735,1085,350,67.74193548,,1.785905373,,,
1291,723,1075.83,352.833,67.20392627,,3.513326323,,,
1231,704,1025.83,321.833,68.62735541,,0.20336292,,,
1305,740,1087.5,347.5,68.04597701,,1.065717985,,,
1278,746,1065,319,70.04694836,,0.938254086,,,
1322,748,1101.67,353.667,67.89692013,,1.395689561,,,
1298,743,1081.67,338.667,68.69008108,,0.150724173,,,
1280,728,1066.67,338.667,68.24978672,,0.686456112,,,
1323,762,1102.5,340.5,69.11564626,,0.001393758,,,
1317,761,1097.5,336.5,69.33940774,,0.068170367,,,
1257,739,1047.5,308.5,70.54892601,,2.162702079,,,
1327,768,1105.83,337.833,69.45009631,,0.138222687,,,
1318,744,1098.33,354.333,67.73920406,,1.79321325,,,
1398,804,1165,361,69.01287554,,0.004282086,,,
1423,832,1185.83,353.833,70.16182758,,1.174003435,,,
1294,736,1078.33,342.333,68.25368857,,0.680005757,,,
1307,740,1089.17,349.167,67.94164364,,1.292017673,,,
1246,701,1038.33,337.333,67.51225526,,2.452537453,,,
1301,744,1084.17,340.167,68.62392429,,0.20646927,,,
1289,740,1074.17,334.167,68.8903991,,0.035311706,,,
1369,784,1140.83,356.833,68.72189546,,0.127033597,,,
1218,717,1015,298,70.64039409,,2.440096734,,,
1345,759,1120.83,361.833,67.71767351,,1.851340339,,,
1286,755,1071.67,316.667,70.45079175,,1.883697411,,,
1316,751,1096.67,345.667,68.48003502,,0.357936775,,,
1295,749,1079.17,330.167,69.40519103,,0.10684912,,,
1266,727,1055,328,68.90995261,,0.028345286,,,
1310,765,1091.67,326.667,70.0761219,,0.995622232,,,
1252,726,1043.33,317.333,69.58488685,,0.256616876,,,
1284,753,1070,317,70.37383178,,1.678368406,,,
1249,723,1040.83,317.833,69.46379332,,0.14859493,,,
1262,724,1051.67,327.667,68.84288798,,0.05542503,,,
1312,739,1093.33,354.333,67.59166949,,2.2101095,,,
1243,715,1035.83,320.833,69.0267708,,0.002656618,,,
1231,716,1025.83,309.833,69.79713988,,0.516711806,,,
1252,720,1043.33,323.333,69.00980514,,0.004693352,,,
1269,738,1057.5,319.5,69.78723404,,0.502568775,,,
1361,793,1134.17,341.167,69.91897158,,0.706706533,,,
1221,704,1017.5,313.5,69.18918919,,0.012293487,,,
1344,792,1120,328,70.71428571,,2.6764061,,,
1243,721,1035.83,314.833,69.60601643,,0.278470711,,,
1200,700,1000,300,70,,0.849506576,,,
1297,746,1080.83,334.833,69.02103013,,0.003281348,,,
1265,736,1054.17,318.167,69.81796105,,0.547078957,,,
1300,749,1083.33,334.333,69.13867427,,0.00364346,,,
1262,724,1051.67,327.667,68.84288798,,0.05542503,,,
1330,767,1108.33,341.333,69.20321565,,0.015600624,,,
1282,749,1068.33,319.333,70.10942312,,1.063187684,,,
1320,769,1100,331,69.90909091,,0.690191619,,,
1273,719,1060.83,341.833,67.77711792,,1.693109138,,,
1309,749,1090.83,341.833,68.66331142,,0.172226466,,,
1234,710,1028.33,318.333,69.04398394,,0.001178498,,,
1298,742,1081.67,339.667,68.59763144,,0.231054945,,,
1317,761,1097.5,336.5,69.33940774,,0.068170367,,,
1355,771,1129.17,358.167,68.28024124,,0.636918839,,,
1330,776,1108.33,332.333,70.01524817,,0.87784715,,,
1354,782,1128.33,346.333,69.30596545,,0.051825553,,,
1273,743,1060.83,317.833,70.03949737,,0.923875037,,,
1272,712,1060,348,67.16981132,,3.642379385,,,
1299,751,1082.5,331.5,69.37644342,,0.088881633,,,
1317,745,1097.5,352.5,67.88154897,,1.432244586,,,
1331,763,1109.17,346.167,68.79017644,,0.083022788,,,
1361,795,1134.17,339.167,70.09531199,,1.03428656,,,
1262,730,1051.67,321.667,69.41340915,,0.112289302,,,
1313,754,1094.17,340.167,68.91068116,,0.028100499,,,
1230,696,1025,329,67.90243902,,1.382680053,,,
1296,745,1080,335,68.98148148,,0.00937638,,,
1391,785,1159.17,374.167,67.72086924,,1.84265407,,,
1312,763,1093.33,330.333,69.78679813,,0.501950911,,,
1358,779,1131.67,352.667,68.83632154,,0.058559957,,,
1297,735,1080.83,345.833,68.00329376,,1.155666764,,,
1300,753,1083.33,330.333,69.50790618,,0.184550135,,,
1257,716,1047.5,331.5,68.35322196,,0.525757296,,,
1289,755,1074.17,319.167,70.28682611,,1.460503472,,,
1255,720,1045.83,325.833,68.84484094,,0.054509292,,,
1325,784,1104.17,320.167,71.00355923,,3.706572332,,,
1262,723,1051.67,328.667,68.74780112,,0.109238231,,,
1292,766,1076.67,310.667,71.14529057,,4.272395497,,,
1343,781,1119.17,338.167,69.78385768,,0.497793028,,,
1290,747,1075,328,69.48837209,,0.168148304,,,
1278,727,1065,338,68.2629108,,0.664881061,,,
1210,719,1008.33,289.333,71.30602085,,4.962681402,,,
1306,748,1088.33,340.333,68.72915384,,0.121912251,,,
1407,820,1172.5,352.5,69.93603412,,0.735685185,,,
1338,769,1115,346,68.96860987,,0.012034819,,,
1245,733,1037.5,304.5,70.65060241,,2.47209339,,,
1365,787,1137.5,350.5,69.18681319,,0.011772249,,,
1357,775,1130.83,355.833,68.53373186,,0.296568824,,,
1338,802,1115,313,71.92825112,,8.122146211,,,
1298,764,1081.67,317.667,70.63152348,,2.412462197,,,
1343,764,1119.17,355.167,68.26487486,,0.661681912,,,
1307,755,1089.17,334.167,69.31883912,,0.057852721,,,
1304,739,1086.67,347.667,68.00592636,,1.150013508,,,
1274,697,1061.67,364.667,65.65128524,,11.74452057,,,
1263,712,1052.5,340.5,67.64845606,,2.044491421,,,
1275,768,1062.5,294.5,72.28235294,,10.26587073,,,
1359,787,1132.5,345.5,69.49227373,,0.171363329,,,
1319,756,1099.17,343.167,68.77916974,,0.089486805,,,